id,city,city_aka,state,country,iso3,videos,start_time,end_time,vehicle_type,upload_date,channel,time_of_day
8,Monaco,[],,Monaco,MCO,[1tKGpDc28aY],"[[22], [46], [38], [44], [29], [0], [0], [3659], [50], [0], [370, 2007], [0], [0, 303], [1550], [33], [5], [0], [611], [0], [0], [10, 1215], [30], [30], [0], [0]]","[[1875], [2915], [3111], [2917], [1956], [1428], [1541], [4500], [756], [5477], [1310, 2682], [1849], [204, 680], [2944], [1575], [2390], [840], [1136], [772], [1333], [1205, 3585], [1656], [1112], [1799], [1799]]","[0,0,0,0,0,0,0,0,0,0,0,0,0,0,0,0,0,0,0,0,0,0,0,0,0]","[29062021,6022025,31102024,28102024,4052022,13092021,9092021,20112024,11122024,13062022,4042023,21062024,1122024,4012023,14102022,29092022,24092022,19092022,13092022,4092022,17082021,1102023,6082020,19022025,30082024]","[UCBcVQr-07MH-p9e2kRTdB3A,UCBcVQr-07MH-p9e2kRTdB3A,UCBcVQr-07MH-p9e2kRTdB3A,UCBcVQr-07MH-p9e2kRTdB3A,UCBcVQr-07MH-p9e2kRTdB3A,UCk0xpfrrpSZJF1qJtIun4hg,UCk0xpfrrpSZJF1qJtIun4hg,UCcwGwvM5iPB9IvtTnMTVcEg,UCcwGwvM5iPB9IvtTnMTVcEg,UCP4TqJmUUroIZ0_3voLUKWg,UCrk91G7NWBjZGUotEVCCmJg,UCZNM_fFJ2lxwCYyMgFk7n9Q,UCL0jwSQFFm_GrfBBPAFsnqQ,UCgk6XhaelDlSGTOaKaFej0Q,UCgk6XhaelDlSGTOaKaFej0Q,UCgk6XhaelDlSGTOaKaFej0Q,UCgk6XhaelDlSGTOaKaFej0Q,UCgk6XhaelDlSGTOaKaFej0Q,UCgk6XhaelDlSGTOaKaFej0Q,UCgk6XhaelDlSGTOaKaFej0Q,UCrZx1iHMpaLoI3nDaLf0_QA,UCE9THn93-ioOyKQIg6EHo2Q,UCE9THn93-ioOyKQIg6EHo2Q,UC8gCwZPoh3Vza-pGZAA8E0w,UCIEYAtvhx3RjGYgy_TZr2Jw]","[[1], [1], [0], [1], [1], [1], [0], [0], [0], [0], [0, 0], [1], [0, 0], [0], [0], [0], [0], [0], [0], [0], [0, 0], [0], [0], [0], [0]]"
18,Seoul,[],,South Korea,KOR,"[lz1F2c3I-Zs,Dudn7jBVweI]","[[14],[26],[5],[2],[17],[0],[20],[23],[22],[0],[0],[0,1166],[0],[1160],[152,2840,3658,20055,150,2188,2838,3664,11265,12062,14766,16563,17850,20051,21492,24002],[110,5852,12660,17273,17597,21017,27559,29572,30533,33910],[94,4577,20011,26069],[960,2899,7765,22198,25363],[324,3462,3774,5022,14260,19570,22016,26743,28287],[192,5643,8132,10948,11659,13698,16243,19540,20683,23628,24080,24462,27665,28453],[180,3518,3546,5400,11016,14647,15615,17041,20765],[499,3061,5420,7341,8940,9343],[91,4543,7950,13272,17261,19460,20408,20756,22569,23793],[112,667,2552,4994,5825,15205,19442,22353,23321,25284,27146,27346],[113,5374,7177,8863,16470],[90,16929,23655,26755],[27,8518,12154,23384],[160,4696,8390],[320,7365,15463,20068],[55,14753,18689],[64,18213,20933,26197,30763,35723],[110,1860,8575,9893,20958],[25,436,8495],[80,5917,7706,13720,17531,24045,29250],[89,5082,6809,17841],[80,5292],[140,3446,18558,30909,33386],[60,4396,7259,12707,13845,15940,18043],[135,2786,4470,4935,13604,14812,19691,25653],[109,2043,4234,12497,14741,17916,18672,30017,33383],[98,1596,5409,6975,11046,18718,25356],[172,9503,10953,17806,19175,22526,27217,28740,34042],[42,3391,6985,12680,13275,19897,20592,22132],[121,2720,4968,5137,6762,9154,12925,13508,13662,15859,24689,26009,28518],[103,1539,2934,6812,8266,12825,15520,23717,24978,26339,31639],[95,1742,4584,9925,12167,16468],[136,5682,6437,13306,19035,25174],[65,4705,7428,18673,20263,21999,22201,22871,23510],[176,5305,5500,6487,7336,18455,19278,26188,28975,30424,31857],[86,7833,9471,10400,15793,16408,20050,22447],[233,2995,4543,7138,8778,17950,18825,21530,30876],[325,2050,3107,14460,16391,17691,21125,25361,26405],[110,8080,8992,12920,13746,14940,18312,21776,27878,30605,32320],[155,799,2548,4567,10195,11353,12863,14348,16492],[92,2789,5358,5972,9002,9826,10684,12153,14286,15825,16779,22559,26028],[140,4394,6105,9252,12988,15419,15694,16125,16540,18487,20224,21576,32060,33626],[0,6378,13279,17411],[86,6669,15377],[196,1410,1842,5692,16955,18195],[56,2126,3865,6656],[180,1234,4584,12880],[35,1665,2989],[180,3525,9715,27164],[185,5708,11162,12486,13104],[93,5017,6655,26425],[118,10390],[180,4301,10850],[100,3103,12146,12865,24795],[90,8804,21081,32200,32500,33560],[75,10126,11572,15620,19747],[10,3875,4666,5060,5406,10919,21152,25889],[90,1651,6078,11397,12684,13322,13880],[150],[63,4140,7670,11454,14752,22470],[114,10297,13696,22988],[70,14465,20347],[255,19960],[366,4522,6886,10829,16155,17469,19280],[130,7818,15510,27460],[120,4419],[153,648,9045,13890],[15],[0],[17],[15],[18],[17],[15],[8],[15],[10],[10],[0],[30],[0],[0],[0],[0],[5357],[0],[9212],[0],[0],[0],[0],[0],[0],[45],[15],[15],[15],[15],[15],[15],[15],[15],[5],[485],[0,1320],[0],[13],[12],[20],[10],[10],[10],[10],[10],[10],[10],[40],[0],[20],[0],[0],[10],[10],[20],[25],[22],[21],[21],[0],[0],[10],[10],[0],[0],[0],[0],[0],[21],[0],[0],[0],[0],[0],[0],[0],[0],[30],[30],[30],[30],[25],[25],[25],[25],[30],[30],[25],[25],[25],[23],[3310],[1050],[40],[810],[25],[20]]","[[1417],[5476],[3418],[3332],[2802],[3003],[3069],[1760],[2859],[3815],[1840],[1165,3388],[4022],[1190],[2839,3455,18448,25277,925,2837,3460,10894,11653,13949,16331,16759,18448,20837,23271,25281],[5075,11920,16521,17475,19162,25607,28018,30201,31950,34247],[4576,19515,25023,28293],[2898,7434,20841,25098,29777],[2994,3773,4651,13368,18820,21652,26657,27041,29322],[5642,6819,10476,11155,13470,15229,18530,20062,22842,23754,24289,25670,27993,30588],[3074,3545,4762,10477,13801,14964,15941,20335,21832],[1248,5215,5707,7790,9193,9485],[1295,6571,13033,17110,18452,20141,20618,21260,23266,26815],[174,2511,4993,5247,13139,17500,21403,22960,25199,26791,27173,27384],[4516,6118,8602,15260,16539],[16819,23219,25872,34572],[7825,11835,21838,24423],[4500,8267,9557],[7364,12931,19611,24540],[14146,17958,35365],[17415,20932,25257,30179,34389,42449],[1838,7020,9613,13286,24460],[360,8385,11170],[5787,6430,11340,16601,23961,26798,33094],[3862,6776,17030,19747],[5232,25692],[3337,16977,30775,33310,34131],[4332,7163,12569,13323,14449,16336,19602],[2460,4428,4788,11469,14512,17376,24799,25751],[1732,4233,10730,14019,17869,18508,27906,33108,33527],[1443,3049,6875,8749,18063,23108,26701],[8256,10952,16785,18236,21730,26853,27783,33749,36777],[3193,6984,12545,13010,18510,20395,21310,30088],[1956,4276,4999,6634,8736,12431,13034,13549,15314,24590,25725,26701,28647],[1357,2425,5860,7916,11244,15327,23179,24050,25833,30860,32229],[1660,4492,9485,11018,16121,17194],[4731,6436,10525,14492,19345,25442],[4492,7427,18584,18694,20665,22115,22690,23183,25259],[4978,5419,6360,6900,16390,18944,25155,27403,30050,31155,32658],[2635,8496,10228,14747,16303,19587,21466,22682],[2565,4542,6634,8744,17276,18731,20735,23979,30897],[1526,2943,13119,16148,16605,20383,22280,25730,27060],[8079,8827,10414,13492,14718,15729,19160,26532,30180,32197,32409],[487,1923,4444,8656,10480,11578,13091,15686,19842],[2750,4341,5717,6857,9630,9866,10894,13839,15740,16533,21790,22976,26865],[4364,5635,9155,12905,14368,15668,15932,16286,16937,19409,21445,31772,33492,36808],[5660,12875,13963,21798],[6537,14524,20613],[1244,1540,5538,13720,17970,20486],[2095,3618,4245,7364],[1160,4350,11605,18362],[1515,2843,5405],[3524,9586,25145,28858],[5547,11033,11845,12510,14043],[5016,6331,26000,28375],[10268,16965],[4300,10803,13565],[3102,12062,12185,21135,25800],[8672,20555,32200,32460,32575,34150],[10125,11405,14335,15650,26600],[3775,4565,4935,5405,10793,20235,25850,27794],[1650,5295,10825,12577,13040,13739,14092],[16532],[4025,7504,8789,14284,22385,26996],[10245,11818,21765,23265],[14014,17138,21111],[19650,24670],[4480,6798,10580,14203,16962,18810,19430],[7817,15400,22840,29570],[4418,26693],[632,8221,13705,18280],[841],[2972],[1195],[875],[1319],[1075],[1041],[1699],[800],[1495],[2000],[1158],[4040],[600],[1018],[1532],[2568],[8575],[550],[10079],[900],[770],[603],[2625],[1240],[303],[945],[1056],[1570],[1815],[1470],[1278],[1415],[1477],[1104],[1280],[927],[1210,1950],[1330],[1423],[885],[1628],[2252],[2027],[2715],[1553],[3240],[3150],[3753],[408],[448],[420],[526],[450],[1112],[2080],[2802],[1755],[487],[1417],[5476],[3003],[805],[2312],[2444],[1308],[2328],[1940],[3243],[1359],[5476],[1770],[1385],[2384],[1526],[1419],[2250],[2870],[1843],[7704],[6842],[7313],[8100],[326],[7199],[9022],[10943],[6409],[7233],[5575],[7138],[5972],[7990],[7890],[6784],[2960],[8254],[3599],[5723]]","[0,0,0,0,0,0,0,0,0,0,0,0,0,0,0,0,0,0,0,0,0,0,0,0,0,0,0,0,0,0,0,0,0,0,0,0,0,0,0,0,0,0,0,0,0,0,0,0,0,0,0,0,0,0,0,0,0,0,0,0,0,0,0,0,0,0,0,0,0,0,0,0,0,0,0,0,0,0,0,0,0,0,0,0,0,0,0,0,0,0,0,0,0,0,0,0,0,0,0,0,0,0,0,0,0,0,0,0,0,0,0,0,0,0,0,0,0,0,0,0,0,0,0,0,0,0,0,0,0,0,0,0,0,0,0,0,0,0,0,0,0,0,0,0,0,0,0,0,0,0,0,0,0,0,0,0,0,0,0,0,0,0,0,0,0,0,0,0,0,0,0,0,0,0,0,0,0,0,0,0]","[17032023,17042023,28052022,5022024,21012024,3022023,26012023,22012023,20012023,23092023,20072023,23102023,19102023,30082023,5072025,16072025,14072025,10072025,10072025,8072025,6072025,4072025,3072025,2072025,1072025,30062025,29062025,29062025,27062025,26062025,25062025,24062025,21062025,20062025,18062025,15062025,14062025,13062025,13062025,12062025,10062025,9062025,8062025,7062025,6062025,4062025,3062025,1062025,31052025,30052025,30052025,28052025,27052025,26052025,24052025,23052025,23052025,18072025,26082025,23082025,23082025,22082025,20082025,16082025,14082025,11082025,10082025,9082025,9082025,6082025,4082025,2082025,1082025,31072025,29072025,25072025,23072025,22072025,21072025,20072025,19072025,25092022,1072022,14052022,5052022,30042022,29042022,29042022,23042022,2042022,26112021,26112021,26112021,28092021,11062023,7062021,11062023,15062023,10062023,2082023,15062023,13062021,12062021,31052021,25022023,17022023,23072022,9072022,29122021,4122021,27112021,19072021,13112021,23102021,16102021,13102021,7082021,18042022,14062023,16112021,5082023,16082023,14072021,14082021,14072023,11082021,13072021,4062023,29092021,27062020,5012021,19012021,16012021,13012021,31122020,8082023,27102022,2022024,4012024,29122023,26122023,22122023,11122023,19022023,31052022,21052022,13072020,7042020,27082021,1072021,29082020,27062024,2032024,6012024,25122023,17122023,9122023,24102023,3102023,21022020,12092025,8082025,1082025,25072025,23072025,18072025,11072025,14062025,24052025,17052025,11042025,4042025,29032025,13032025,22022025,15022025,25012025,6012025,13072024,6122022]","[UCBcVQr-07MH-p9e2kRTdB3A,UCBcVQr-07MH-p9e2kRTdB3A,UCSZXwdBppzhYpcqf69WNOIg,UCSZXwdBppzhYpcqf69WNOIg,UCBcVQr-07MH-p9e2kRTdB3A,UCBcVQr-07MH-p9e2kRTdB3A,UCBcVQr-07MH-p9e2kRTdB3A,UCBcVQr-07MH-p9e2kRTdB3A,UCBcVQr-07MH-p9e2kRTdB3A,UCJzvjkOXzP9LAtLMmI23oog,UCJzvjkOXzP9LAtLMmI23oog,UCJzvjkOXzP9LAtLMmI23oog,UCJzvjkOXzP9LAtLMmI23oog,UCJzvjkOXzP9LAtLMmI23oog,UCdAHrkw0MAo7jZaGOKzAR2w,UCdAHrkw0MAo7jZaGOKzAR2w,UCdAHrkw0MAo7jZaGOKzAR2w,UCdAHrkw0MAo7jZaGOKzAR2w,UCdAHrkw0MAo7jZaGOKzAR2w,UCdAHrkw0MAo7jZaGOKzAR2w,UCdAHrkw0MAo7jZaGOKzAR2w,UCdAHrkw0MAo7jZaGOKzAR2w,UCdAHrkw0MAo7jZaGOKzAR2w,UCdAHrkw0MAo7jZaGOKzAR2w,UCdAHrkw0MAo7jZaGOKzAR2w,UCdAHrkw0MAo7jZaGOKzAR2w,UCdAHrkw0MAo7jZaGOKzAR2w,UCdAHrkw0MAo7jZaGOKzAR2w,UCdAHrkw0MAo7jZaGOKzAR2w,UCdAHrkw0MAo7jZaGOKzAR2w,UCdAHrkw0MAo7jZaGOKzAR2w,UCdAHrkw0MAo7jZaGOKzAR2w,UCdAHrkw0MAo7jZaGOKzAR2w,UCdAHrkw0MAo7jZaGOKzAR2w,UCdAHrkw0MAo7jZaGOKzAR2w,UCdAHrkw0MAo7jZaGOKzAR2w,UCdAHrkw0MAo7jZaGOKzAR2w,UCdAHrkw0MAo7jZaGOKzAR2w,UCdAHrkw0MAo7jZaGOKzAR2w,UCdAHrkw0MAo7jZaGOKzAR2w,UCdAHrkw0MAo7jZaGOKzAR2w,UCdAHrkw0MAo7jZaGOKzAR2w,UCdAHrkw0MAo7jZaGOKzAR2w,UCdAHrkw0MAo7jZaGOKzAR2w,UCdAHrkw0MAo7jZaGOKzAR2w,UCdAHrkw0MAo7jZaGOKzAR2w,UCdAHrkw0MAo7jZaGOKzAR2w,UCdAHrkw0MAo7jZaGOKzAR2w,UCdAHrkw0MAo7jZaGOKzAR2w,UCdAHrkw0MAo7jZaGOKzAR2w,UCdAHrkw0MAo7jZaGOKzAR2w,UCdAHrkw0MAo7jZaGOKzAR2w,UCdAHrkw0MAo7jZaGOKzAR2w,UCdAHrkw0MAo7jZaGOKzAR2w,UCdAHrkw0MAo7jZaGOKzAR2w,UCdAHrkw0MAo7jZaGOKzAR2w,UCdAHrkw0MAo7jZaGOKzAR2w,UCdAHrkw0MAo7jZaGOKzAR2w,UCdAHrkw0MAo7jZaGOKzAR2w,UCdAHrkw0MAo7jZaGOKzAR2w,UCdAHrkw0MAo7jZaGOKzAR2w,UCdAHrkw0MAo7jZaGOKzAR2w,UCdAHrkw0MAo7jZaGOKzAR2w,UCdAHrkw0MAo7jZaGOKzAR2w,UCdAHrkw0MAo7jZaGOKzAR2w,UCdAHrkw0MAo7jZaGOKzAR2w,UCdAHrkw0MAo7jZaGOKzAR2w,UCdAHrkw0MAo7jZaGOKzAR2w,UCdAHrkw0MAo7jZaGOKzAR2w,UCdAHrkw0MAo7jZaGOKzAR2w,UCdAHrkw0MAo7jZaGOKzAR2w,UCdAHrkw0MAo7jZaGOKzAR2w,UCdAHrkw0MAo7jZaGOKzAR2w,UCdAHrkw0MAo7jZaGOKzAR2w,UCdAHrkw0MAo7jZaGOKzAR2w,UCdAHrkw0MAo7jZaGOKzAR2w,UCdAHrkw0MAo7jZaGOKzAR2w,UCdAHrkw0MAo7jZaGOKzAR2w,UCdAHrkw0MAo7jZaGOKzAR2w,UCdAHrkw0MAo7jZaGOKzAR2w,UCdAHrkw0MAo7jZaGOKzAR2w,UCjGr3_H4zM1R-AQFTYgx8UA,UCjGr3_H4zM1R-AQFTYgx8UA,UCjGr3_H4zM1R-AQFTYgx8UA,UCjGr3_H4zM1R-AQFTYgx8UA,UCjGr3_H4zM1R-AQFTYgx8UA,UCjGr3_H4zM1R-AQFTYgx8UA,UCjGr3_H4zM1R-AQFTYgx8UA,UCjGr3_H4zM1R-AQFTYgx8UA,UCjGr3_H4zM1R-AQFTYgx8UA,UCjGr3_H4zM1R-AQFTYgx8UA,UCjGr3_H4zM1R-AQFTYgx8UA,UCjGr3_H4zM1R-AQFTYgx8UA,UCjGr3_H4zM1R-AQFTYgx8UA,UCprk6IMAstd4iZJzChTlyRg,UCprk6IMAstd4iZJzChTlyRg,UCprk6IMAstd4iZJzChTlyRg,UCprk6IMAstd4iZJzChTlyRg,UCprk6IMAstd4iZJzChTlyRg,UCprk6IMAstd4iZJzChTlyRg,UCprk6IMAstd4iZJzChTlyRg,UCprk6IMAstd4iZJzChTlyRg,UCprk6IMAstd4iZJzChTlyRg,UCprk6IMAstd4iZJzChTlyRg,UCNV4-qPW1tM1xy9FSD3BAaQ,UCNV4-qPW1tM1xy9FSD3BAaQ,UCNV4-qPW1tM1xy9FSD3BAaQ,UCNV4-qPW1tM1xy9FSD3BAaQ,UCNV4-qPW1tM1xy9FSD3BAaQ,UCNV4-qPW1tM1xy9FSD3BAaQ,UCNV4-qPW1tM1xy9FSD3BAaQ,UCNV4-qPW1tM1xy9FSD3BAaQ,UCNV4-qPW1tM1xy9FSD3BAaQ,UCNV4-qPW1tM1xy9FSD3BAaQ,UCNV4-qPW1tM1xy9FSD3BAaQ,UCNV4-qPW1tM1xy9FSD3BAaQ,UCNV4-qPW1tM1xy9FSD3BAaQ,UCgvp-T1CAGVsmVYipWtuJ8w,UCsSmM2dexuXBRxpsh9xaYuA,UCsSmM2dexuXBRxpsh9xaYuA,UCsSmM2dexuXBRxpsh9xaYuA,UCsSmM2dexuXBRxpsh9xaYuA,UCsSmM2dexuXBRxpsh9xaYuA,UCsSmM2dexuXBRxpsh9xaYuA,UCsSmM2dexuXBRxpsh9xaYuA,UCsSmM2dexuXBRxpsh9xaYuA,UCsSmM2dexuXBRxpsh9xaYuA,UCsSmM2dexuXBRxpsh9xaYuA,UCsSmM2dexuXBRxpsh9xaYuA,UCsSmM2dexuXBRxpsh9xaYuA,UCa21zv-lBkUEHCdOoDwlK8Q,UCa21zv-lBkUEHCdOoDwlK8Q,UCa21zv-lBkUEHCdOoDwlK8Q,UCa21zv-lBkUEHCdOoDwlK8Q,UCa21zv-lBkUEHCdOoDwlK8Q,UCsSmM2dexuXBRxpsh9xaYuA,UCsSmM2dexuXBRxpsh9xaYuA,UCskApmIabNdfIPVzlYysdKA,UCskApmIabNdfIPVzlYysdKA,UCskApmIabNdfIPVzlYysdKA,UCskApmIabNdfIPVzlYysdKA,UCskApmIabNdfIPVzlYysdKA,UCskApmIabNdfIPVzlYysdKA,UC2RUqu7OlaXhEoffUA4PjeQ,UCIStmb2WWwUe9cgfs1W-BUw,UCIStmb2WWwUe9cgfs1W-BUw,UCl0G0R4kA-QEQgUTb3q5jHw,UCCFLn42EKFmwoW5608E1DEA,UCCFLn42EKFmwoW5608E1DEA,UCCFLn42EKFmwoW5608E1DEA,UCgy-fsOaAQF0tURs6CJtkDA,UCZNM_fFJ2lxwCYyMgFk7n9Q,UC1KM1ow9F0wNm1FrfJ2BnAA,UC1KM1ow9F0wNm1FrfJ2BnAA,UC1KM1ow9F0wNm1FrfJ2BnAA,UC1KM1ow9F0wNm1FrfJ2BnAA,UC1KM1ow9F0wNm1FrfJ2BnAA,UC1KM1ow9F0wNm1FrfJ2BnAA,UC1KM1ow9F0wNm1FrfJ2BnAA,UC8zMiM6lJ4Yi4KAXuq9LxVw,UC-pn6bHquco2M82OoWlNxew,UC-pn6bHquco2M82OoWlNxew,UC-pn6bHquco2M82OoWlNxew,UC-pn6bHquco2M82OoWlNxew,UC-pn6bHquco2M82OoWlNxew,UC-pn6bHquco2M82OoWlNxew,UC-pn6bHquco2M82OoWlNxew,UC-pn6bHquco2M82OoWlNxew,UC-pn6bHquco2M82OoWlNxew,UC-pn6bHquco2M82OoWlNxew,UC-pn6bHquco2M82OoWlNxew,UC-pn6bHquco2M82OoWlNxew,UC-pn6bHquco2M82OoWlNxew,UC-pn6bHquco2M82OoWlNxew,UC-pn6bHquco2M82OoWlNxew,UC-pn6bHquco2M82OoWlNxew,UC-pn6bHquco2M82OoWlNxew,UC-pn6bHquco2M82OoWlNxew,UC-pn6bHquco2M82OoWlNxew,UC-pn6bHquco2M82OoWlNxew]","[[0],[1],[1],[1],[0],[0],[0],[0],[0],[0],[1],[0,1],[0],[1],[0,1,1,1,0,0,1,1,1,1,1,1,1,1,1,1],[0,1,1,1,1,1,1,1,1,1],[0,1,1,1],[0,1,1,1,1],[0,1,1,1,1,1,1,1,1],[0,1,1,1,1,1,1,1,1,1,1,1,1,1],[0,0,1,1,1,1,1,1,1],[0,1,1,1,1,1],[0,1,1,1,1,1,1,1,1,1],[0,0,0,1,1,1,1,1,1,1,1,1],[0,0,1,1,1],[0,1,1,1],[0,0,1,1],[0,0,1],[0,1,1,1],[0,0,1],[0,0,1,1,1,1],[0,1,1,1,1],[1,1,1],[0,1,1,1,1,1,1],[0,0,1,1],[0,1],[0,1,1,1,1],[1,1,1,1,1,1,1],[0,0,1,1,1,1,1,1],[0,0,1,1,1,1,1,1,1],[0,0,0,0,1,1,1],[0,0,1,1,1,1,1,1,1],[0,0,1,1,1,1,1,1],[0,0,0,1,1,1,1,1,1,1,1,1,1],[0,0,0,1,1,1,1,1,1,1,1],[0,0,0,0,1,1],[0,0,1,1,1,1],[0,0,1,1,1,1,1,1,1],[0,0,0,1,1,1,1,1,1,1,1],[1,1,1,1,1,1,1,1],[0,0,1,1,1,1,1,1,1],[1,1,1,1,1,1,1,1,1],[0,1,1,1,1,1,1,1,1,1,1],[0,0,1,1,1,1,1,1,1],[0,1,1,1,1,1,1,1,1,1,1,1,1],[0,0,1,1,1,1,1,1,1,1,1,1,1,1],[1,1,1,1],[1,1,1],[1,1,1,1,1,1],[1,1,1,1],[1,1,1,1],[1,1,1],[0,1,1,1],[1,1,1,1,1],[0,1,1,1],[1,1],[0,1,1],[0,1,1,1,1],[0,1,1,1,1,1],[0,1,1,1,1],[0,0,0,0,1,1,1,1],[0,1,1,1,1,1,1],[1],[0,1,1,1,1,1],[1,1,1,1],[1,1,1],[1,1],[0,1,1,1,1,1,1],[0,1,1,1],[0,1],[1,1,1,1],[0],[0],[0],[0],[0],[0],[0],[0],[0],[0],[0],[0],[0],[0],[0],[0],[0],[0],[1],[0],[0],[0],[0],[1],[1],[1],[1],[1],[1],[1],[1],[1],[0],[1],[1],[0],[0],[0,1],[0],[1],[1],[0],[0],[1],[0],[0],[1],[0],[0],[1],[0],[0],[0],[0],[0],[0],[0],[0],[0],[0],[1],[0],[1],[0],[1],[0],[0],[0],[0],[0],[1],[0],[0],[0],[1],[0],[1],[0],[0],[1],[1],[1],[1],[1],[1],[1],[1],[1],[1],[1],[1],[1],[1],[1],[1],[1],[1],[1],[1]]"
25,Barcelona,[],,Spain,ESP,"[l-o9YUMdbH8,VGWNcuMFmbw,2Us_DV5_uYo,Ti5Reewi8po]","[[65], [150], [32], [0], [0], [570], [23], [18], [0, 3154], [6660], [0], [0], [25], [0], [0], [0], [0], [0], [0], [0], [0], [0], [0]]","[[4005], [3548], [2828], [3390], [4043], [804], [4248], [1415], [2806, 5178], [7152], [4047], [1239], [1358], [1358], [639], [225], [1799], [1799], [1799], [1799], [1790], [1799], [1799]]","[0,0,0,0,0,0,0,0,0,0,0,0,0,0,0,0,0,0,0,0,0,0,0]","[4082021,1052021,8022023,24062020,16062020,11102023,23092021,20082023,11032023,9032023,28082025,28092022,20092022,17092022,14092022,13092022,31072025,16122024,22112024,12022025,24012025,28122024,13092024]","[UCBcVQr-07MH-p9e2kRTdB3A,UC_V2-rK2e97fZNCQUDGO7zA,UCtNP3HfnQIZX9j9D12ek8VQ,UC2s4RE3zutDyS0Ibq06S7Gw,UC2s4RE3zutDyS0Ibq06S7Gw,UC3oHtq2yXDQBGxrJdMT8eOA,UCBcVQr-07MH-p9e2kRTdB3A,UC2HOgqo0qYzXDwn36EtMjFg,UCrk91G7NWBjZGUotEVCCmJg,UCrk91G7NWBjZGUotEVCCmJg,UCgk6XhaelDlSGTOaKaFej0Q,UCH3rnEYxR0GuTwYisGLa32g,UCH3rnEYxR0GuTwYisGLa32g,UCH3rnEYxR0GuTwYisGLa32g,UCH3rnEYxR0GuTwYisGLa32g,UCH3rnEYxR0GuTwYisGLa32g,UC8gCwZPoh3Vza-pGZAA8E0w,UC8gCwZPoh3Vza-pGZAA8E0w,UC8gCwZPoh3Vza-pGZAA8E0w,UCIEYAtvhx3RjGYgy_TZr2Jw,UCIEYAtvhx3RjGYgy_TZr2Jw,UCIEYAtvhx3RjGYgy_TZr2Jw,UCIEYAtvhx3RjGYgy_TZr2Jw]","[[0], [0], [0], [0], [0], [0], [1], [0], [0, 0], [0], [0], [0], [0], [0], [0], [0], [0], [0], [0], [0], [0], [0], [0]]"
35,London,[],,United Kingdom,GBR,"[-aPkRYDP_7U,JaCEJt7aYzM,dQHDlHKdlkU,UYmLTGIWfPA,afIEkLHBZr4,gwWcBDTQmeI]","[[26], [25], [64], [0], [7], [0], [0], [5], [14], [13], [0], [0], [0], [36], [18], [17], [47], [21], [28], [16], [28], [27], [27], [22], [30], [32], [21], [12], [1], [12], [0], [77], [12820], [11], [6], [23], [30, 2046], [30], [0], [25], [30], [32], [35], [17], [27], [55], [28], [38], [10], [29], [0, 2359, 2477], [30], [0], [0], [0], [0], [0], [0], [0], [0], [0], [0], [0], [0], [0], [0], [0], [0], [0], [0], [0], [0], [0], [0], [0], [0], [0], [0], [0], [0], [0], [0], [0], [0], [0], [0], [0], [0], [0], [0], [0], [0], [0], [0], [0], [0], [0], [0], [0], [0], [0], [0], [0], [0], [0], [0], [0], [0], [0], [0], [0], [0], [0], [0], [0], [0], [0], [0], [0], [0], [0], [0], [0], [0], [0], [0], [0], [0], [0], [0], [0], [0], [0], [0], [0], [0], [0], [0], [0], [0], [0], [0], [0], [0], [0], [0], [0], [3058], [0], [0], [0], [0], [0], [0], [0], [0], [0], [0], [0], [0], [0], [0], [0], [0], [0], [0], [0], [0], [40], [0], [0], [0], [0], [60], [0], [0], [0], [76], [0], [0], [0], [65], [0], [0], [60], [0], [60], [0], [60], [0], [60], [60], [57], [53], [46], [0], [60], [0], [53], [37], [0], [52], [51], [0], [0], [0], [60], [59], [53], [53], [53], [46], [0], [49], [43], [39], [45], [0], [47], [30], [42], [0], [30], [40], [20], [0], [30], [0], [0], [0], [20], [0], [0], [46], [0], [0], [0], [10], [0], [0], [0], [0], [20], [0], [0], [0], [5], [7], [5], [5], [5], [8], [0], [35, 1499], [0], [12], [12], [10], [0], [5]]","[[3210], [4743], [34006], [1706], [1638], [2229], [1886], [1355], [1289], [1088], [1645], [1879], [1770], [1333], [1760], [1912], [3134], [1852], [2958], [2253], [1760], [3066], [4109], [1631], [1729], [3147], [1592], [986], [2350], [1539], [861], [870], [13530], [1347], [736], [5358], [2045, 5775], [6134], [999], [1813], [2260], [2180], [2630], [2040], [2541], [3058], [2432], [1814], [2348], [2260], [2355, 2475, 2547], [4743], [2729], [930], [1201], [3753], [2881], [2955], [2341], [2831], [2640], [2782], [2330], [3261], [4095], [3097], [3490], [3811], [2220], [2511], [1480], [3175], [3152], [2645], [3396], [2299], [2837], [3251], [3310], [2709], [2883], [3031], [2542], [3152], [3270], [3323], [3071], [1855], [2750], [3200], [3292], [2368], [3279], [3489], [1795], [2905], [3350], [2394], [2935], [3786], [3808], [2447], [3523], [3434], [2879], [2561], [3427], [3114], [2117], [2629], [3449], [2994], [2568], [3515], [2761], [3562], [3113], [3286], [2829], [3530], [2879], [3587], [2819], [4116], [3087], [2955], [2711], [3412], [2377], [3021], [3414], [2722], [2846], [3473], [3960], [2872], [2770], [2913], [3702], [3045], [2407], [3065], [2831], [4331], [3737], [2919], [2648], [3853], [2790], [3593], [2020], [2737], [3222], [3339], [3195], [3082], [3354], [3663], [2226], [3473], [3341], [1937], [3385], [2761], [3804], [2480], [3538], [3886], [2996], [2692], [2913], [3587], [2713], [3384], [3420], [3503], [3204], [4045], [2659], [2188], [3315], [2789], [3174], [3744], [3537], [2234], [2102], [2888], [3094], [2822], [3550], [2864], [2515], [2744], [3974], [3634], [3718], [2131], [2482], [3159], [2702], [2194], [3060], [3257], [3704], [3019], [3570], [3060], [3061], [3080], [3015], [2814], [1663], [2966], [2967], [2609], [3124], [2744], [2993], [2993], [3515], [2757], [2542], [2438], [2858], [3107], [2781], [3119], [2020], [1198], [1585], [1425], [1201], [10419], [1963], [1540], [1935], [3002], [3466], [1994], [2074], [2657], [2118], [2115], [2413], [2449], [2357], [2822], [1950], [3952], [3119], [3380], [2519], [1410, 1560], [2835], [2158], [330], [3162], [1818], [1278]]","[0,0,0,0,0,0,0,0,0,0,0,0,0,0,0,0,0,0,0,0,0,0,0,0,0,0,0,0,0,0,0,0,0,0,0,0,0,0,0,0,0,0,0,0,0,0,0,0,0,0,0,0,0,0,0,0,0,0,0,0,0,0,0,0,0,0,0,0,0,0,0,0,0,0,0,0,0,0,0,0,0,0,0,0,0,0,0,0,0,0,0,0,0,0,0,0,0,0,0,0,0,0,0,0,0,0,0,0,0,0,0,0,0,0,0,0,0,0,0,0,0,0,0,0,0,0,0,0,0,0,0,0,0,0,0,0,0,0,0,0,0,0,0,0,0,0,0,0,0,0,0,0,0,0,0,0,0,0,0,0,0,0,0,0,0,0,0,0,4,0,0,0,0,0,0,0,0,0,0,0,0,0,0,0,0,0,0,0,0,0,0,0,0,0,0,0,0,0,0,0,0,0,0,0,0,0,0,0,0,0,0,0,0,0,0,0,0,0,0,0,0,0,0,0,0,0,0,0,0,0,0,0,0,0,0,0,0,0,0,0,0,0,0,0,0,0,0,0,0,0,0,0,0,1,0,0,0,0,0,0]","[17012019,7032019,27042024,7032024,31122023,1012024,2012024,8122023,21122023,3112023,7022024,20042024,18042023,None,14092022,5092022,25062022,19062022,6092019,20082019,27052019,1052019,25012019,22012019,9012019,6012019,4012019,12122018,7122018,30112018,26042023,24102024,23102024,15082021,29112021,21032024,29022024,29012024,14052022,10122022,15122022,20122022,24122022,26122022,30122022,7012023,11012023,15012023,19012023,23012023,27122017,1072021,13042024,2072020,30112023,18102023,1122024,12032023,31082025,1082025,23072025,6072025,29062025,17032025,12032025,6032025,3032025,28022025,16022025,9022025,5022025,26012025,22012025,19012025,12012025,9012025,9012025,5012025,1012025,29122024,24122024,20122024,29112024,25092024,16092024,10092024,4092024,29082024,24072024,7072024,7072024,3052024,16042024,11042024,7042024,29032024,8032024,4032024,29022024,25022024,22022024,17022024,13022024,9022024,6022024,2022024,29012024,25012024,22012024,18012024,15012024,12012024,8012024,4012024,31122023,27122023,23122023,19122023,15122023,12122023,9122023,6122023,3122023,30112023,28112023,26112023,23112023,21112023,18112023,16112023,13112023,11112023,9112023,7112023,4112023,2112023,1112023,30102023,27102023,24102023,22102023,13102023,9102023,5102023,29092023,24092023,17092023,11092023,28082023,23082023,18082023,9082023,30072023,25072023,11072023,6072023,2072023,27062023,23062023,19062023,16062023,13062023,9062023,6062023,3062023,31052023,28052023,25052023,23052023,20052023,17052023,14052023,11052023,5052023,9042023,5042023,2042023,30032023,27032023,24032023,21032023,18032023,15032023,9032023,6032023,3032023,28022023,25022023,22022023,19022023,16022023,13022023,10022023,7022023,4022023,2022023,29012023,26012023,22012023,19012023,17012023,15012023,12012023,10012023,9012023,6012023,3012023,1012023,26122022,24122022,22122022,19122022,19122022,16122022,14122022,12122022,11122022,8122022,28112022,22112022,16112022,10112022,7112022,3112022,31102022,27102022,24102022,21102022,17102022,14102022,10102022,8102022,23062019,2072024,19112022,24042020,17022024,3022024,27012024,22122023,15122023,4122023,2122023,7112023,29072023,22072023,10122017,20112017,11112017,7112017,11052025,23122024,30092023,16112025,8012023,8122021,10112021,3112017,13072017,26052017]","[UCBcVQr-07MH-p9e2kRTdB3A,UCBcVQr-07MH-p9e2kRTdB3A,UCi_jopWHC21r9AjcwkbZkqg,UCi_jopWHC21r9AjcwkbZkqg,UCi_jopWHC21r9AjcwkbZkqg,UCi_jopWHC21r9AjcwkbZkqg,UCi_jopWHC21r9AjcwkbZkqg,UCi_jopWHC21r9AjcwkbZkqg,UCi_jopWHC21r9AjcwkbZkqg,UCi_jopWHC21r9AjcwkbZkqg,UCi_jopWHC21r9AjcwkbZkqg,UCi_jopWHC21r9AjcwkbZkqg,UCyynmpphlnBcYVzZs1Dz8LQ,None,UCBcVQr-07MH-p9e2kRTdB3A,UCBcVQr-07MH-p9e2kRTdB3A,UCBcVQr-07MH-p9e2kRTdB3A,UCBcVQr-07MH-p9e2kRTdB3A,UCBcVQr-07MH-p9e2kRTdB3A,UCBcVQr-07MH-p9e2kRTdB3A,UCBcVQr-07MH-p9e2kRTdB3A,UCBcVQr-07MH-p9e2kRTdB3A,UCBcVQr-07MH-p9e2kRTdB3A,UCBcVQr-07MH-p9e2kRTdB3A,UCBcVQr-07MH-p9e2kRTdB3A,UCBcVQr-07MH-p9e2kRTdB3A,UCBcVQr-07MH-p9e2kRTdB3A,UCBcVQr-07MH-p9e2kRTdB3A,UCBcVQr-07MH-p9e2kRTdB3A,UCBcVQr-07MH-p9e2kRTdB3A,UC664S3FepgfmocCc9lhjdvg,UC6cQrbnMQU_a78Hrm3RmYVw,UC6cQrbnMQU_a78Hrm3RmYVw,UCPECJtITrZNrLfK4BZ96ALw,UCPECJtITrZNrLfK4BZ96ALw,UCk0xpfrrpSZJF1qJtIun4hg,UCk0xpfrrpSZJF1qJtIun4hg,UCk0xpfrrpSZJF1qJtIun4hg,UCvXAaW2v9P45QjGvAKxYO7Q,UCq8QA_62PxbZgqgJWtFgK0Q,UCq8QA_62PxbZgqgJWtFgK0Q,UCq8QA_62PxbZgqgJWtFgK0Q,UCq8QA_62PxbZgqgJWtFgK0Q,UCq8QA_62PxbZgqgJWtFgK0Q,UCq8QA_62PxbZgqgJWtFgK0Q,UCq8QA_62PxbZgqgJWtFgK0Q,UCq8QA_62PxbZgqgJWtFgK0Q,UCq8QA_62PxbZgqgJWtFgK0Q,UCq8QA_62PxbZgqgJWtFgK0Q,UCq8QA_62PxbZgqgJWtFgK0Q,UCXudiCUaLXEbO5qWfKLlxAg,UCp_y50Q2RCTIlX6Eb0eOSrw,UC9q-xm5o_9otkJsxpOnOQpw,UC7qzDeFmEWrKg0eAKB7RELA,UC9q-xm5o_9otkJsxpOnOQpw,UCasxUHsjyABKD11rDR3t2qw,UCasxUHsjyABKD11rDR3t2qw,UCasxUHsjyABKD11rDR3t2qw,UCasxUHsjyABKD11rDR3t2qw,UCasxUHsjyABKD11rDR3t2qw,UCasxUHsjyABKD11rDR3t2qw,UCasxUHsjyABKD11rDR3t2qw,UCasxUHsjyABKD11rDR3t2qw,UCasxUHsjyABKD11rDR3t2qw,UCasxUHsjyABKD11rDR3t2qw,UCasxUHsjyABKD11rDR3t2qw,UCasxUHsjyABKD11rDR3t2qw,UCasxUHsjyABKD11rDR3t2qw,UCasxUHsjyABKD11rDR3t2qw,UCasxUHsjyABKD11rDR3t2qw,UCasxUHsjyABKD11rDR3t2qw,UCasxUHsjyABKD11rDR3t2qw,UCasxUHsjyABKD11rDR3t2qw,UCasxUHsjyABKD11rDR3t2qw,UCasxUHsjyABKD11rDR3t2qw,UCasxUHsjyABKD11rDR3t2qw,UCasxUHsjyABKD11rDR3t2qw,UCasxUHsjyABKD11rDR3t2qw,UCasxUHsjyABKD11rDR3t2qw,UCasxUHsjyABKD11rDR3t2qw,UCasxUHsjyABKD11rDR3t2qw,UCasxUHsjyABKD11rDR3t2qw,UCasxUHsjyABKD11rDR3t2qw,UCasxUHsjyABKD11rDR3t2qw,UCasxUHsjyABKD11rDR3t2qw,UCasxUHsjyABKD11rDR3t2qw,UCasxUHsjyABKD11rDR3t2qw,UCasxUHsjyABKD11rDR3t2qw,UCasxUHsjyABKD11rDR3t2qw,UCasxUHsjyABKD11rDR3t2qw,UCasxUHsjyABKD11rDR3t2qw,UCasxUHsjyABKD11rDR3t2qw,UCasxUHsjyABKD11rDR3t2qw,UCasxUHsjyABKD11rDR3t2qw,UCasxUHsjyABKD11rDR3t2qw,UCasxUHsjyABKD11rDR3t2qw,UCasxUHsjyABKD11rDR3t2qw,UCasxUHsjyABKD11rDR3t2qw,UCasxUHsjyABKD11rDR3t2qw,UCasxUHsjyABKD11rDR3t2qw,UCasxUHsjyABKD11rDR3t2qw,UCasxUHsjyABKD11rDR3t2qw,UCasxUHsjyABKD11rDR3t2qw,UCasxUHsjyABKD11rDR3t2qw,UCasxUHsjyABKD11rDR3t2qw,UCasxUHsjyABKD11rDR3t2qw,UCasxUHsjyABKD11rDR3t2qw,UCasxUHsjyABKD11rDR3t2qw,UCasxUHsjyABKD11rDR3t2qw,UCasxUHsjyABKD11rDR3t2qw,UCasxUHsjyABKD11rDR3t2qw,UCasxUHsjyABKD11rDR3t2qw,UCasxUHsjyABKD11rDR3t2qw,UCasxUHsjyABKD11rDR3t2qw,UCasxUHsjyABKD11rDR3t2qw,UCasxUHsjyABKD11rDR3t2qw,UCasxUHsjyABKD11rDR3t2qw,UCasxUHsjyABKD11rDR3t2qw,UCasxUHsjyABKD11rDR3t2qw,UCasxUHsjyABKD11rDR3t2qw,UCasxUHsjyABKD11rDR3t2qw,UCasxUHsjyABKD11rDR3t2qw,UCasxUHsjyABKD11rDR3t2qw,UCasxUHsjyABKD11rDR3t2qw,UCasxUHsjyABKD11rDR3t2qw,UCasxUHsjyABKD11rDR3t2qw,UCasxUHsjyABKD11rDR3t2qw,UCasxUHsjyABKD11rDR3t2qw,UCasxUHsjyABKD11rDR3t2qw,UCasxUHsjyABKD11rDR3t2qw,UCasxUHsjyABKD11rDR3t2qw,UCasxUHsjyABKD11rDR3t2qw,UCasxUHsjyABKD11rDR3t2qw,UCasxUHsjyABKD11rDR3t2qw,UCasxUHsjyABKD11rDR3t2qw,UCasxUHsjyABKD11rDR3t2qw,UCasxUHsjyABKD11rDR3t2qw,UCasxUHsjyABKD11rDR3t2qw,UCasxUHsjyABKD11rDR3t2qw,UCasxUHsjyABKD11rDR3t2qw,UCasxUHsjyABKD11rDR3t2qw,UCasxUHsjyABKD11rDR3t2qw,UCasxUHsjyABKD11rDR3t2qw,UCasxUHsjyABKD11rDR3t2qw,UCasxUHsjyABKD11rDR3t2qw,UCasxUHsjyABKD11rDR3t2qw,UCasxUHsjyABKD11rDR3t2qw,UCasxUHsjyABKD11rDR3t2qw,UCasxUHsjyABKD11rDR3t2qw,UCasxUHsjyABKD11rDR3t2qw,UCasxUHsjyABKD11rDR3t2qw,UCasxUHsjyABKD11rDR3t2qw,UCasxUHsjyABKD11rDR3t2qw,UCasxUHsjyABKD11rDR3t2qw,UCasxUHsjyABKD11rDR3t2qw,UCasxUHsjyABKD11rDR3t2qw,UCasxUHsjyABKD11rDR3t2qw,UCasxUHsjyABKD11rDR3t2qw,UCasxUHsjyABKD11rDR3t2qw,UCasxUHsjyABKD11rDR3t2qw,UCasxUHsjyABKD11rDR3t2qw,UCasxUHsjyABKD11rDR3t2qw,UCasxUHsjyABKD11rDR3t2qw,UCasxUHsjyABKD11rDR3t2qw,UCasxUHsjyABKD11rDR3t2qw,UCasxUHsjyABKD11rDR3t2qw,UCasxUHsjyABKD11rDR3t2qw,UCasxUHsjyABKD11rDR3t2qw,UCasxUHsjyABKD11rDR3t2qw,UCasxUHsjyABKD11rDR3t2qw,UCasxUHsjyABKD11rDR3t2qw,UCasxUHsjyABKD11rDR3t2qw,UCasxUHsjyABKD11rDR3t2qw,UCasxUHsjyABKD11rDR3t2qw,UCasxUHsjyABKD11rDR3t2qw,UCasxUHsjyABKD11rDR3t2qw,UCasxUHsjyABKD11rDR3t2qw,UCasxUHsjyABKD11rDR3t2qw,UCasxUHsjyABKD11rDR3t2qw,UCasxUHsjyABKD11rDR3t2qw,UCasxUHsjyABKD11rDR3t2qw,UCasxUHsjyABKD11rDR3t2qw,UCasxUHsjyABKD11rDR3t2qw,UCasxUHsjyABKD11rDR3t2qw,UCasxUHsjyABKD11rDR3t2qw,UCasxUHsjyABKD11rDR3t2qw,UCasxUHsjyABKD11rDR3t2qw,UCasxUHsjyABKD11rDR3t2qw,UCasxUHsjyABKD11rDR3t2qw,UCasxUHsjyABKD11rDR3t2qw,UCasxUHsjyABKD11rDR3t2qw,UCasxUHsjyABKD11rDR3t2qw,UCasxUHsjyABKD11rDR3t2qw,UCasxUHsjyABKD11rDR3t2qw,UCasxUHsjyABKD11rDR3t2qw,UCasxUHsjyABKD11rDR3t2qw,UCasxUHsjyABKD11rDR3t2qw,UCasxUHsjyABKD11rDR3t2qw,UCasxUHsjyABKD11rDR3t2qw,UCasxUHsjyABKD11rDR3t2qw,UCasxUHsjyABKD11rDR3t2qw,UCasxUHsjyABKD11rDR3t2qw,UCasxUHsjyABKD11rDR3t2qw,UCasxUHsjyABKD11rDR3t2qw,UCasxUHsjyABKD11rDR3t2qw,UCasxUHsjyABKD11rDR3t2qw,UCasxUHsjyABKD11rDR3t2qw,UCasxUHsjyABKD11rDR3t2qw,UCasxUHsjyABKD11rDR3t2qw,UCasxUHsjyABKD11rDR3t2qw,UCasxUHsjyABKD11rDR3t2qw,UCasxUHsjyABKD11rDR3t2qw,UCasxUHsjyABKD11rDR3t2qw,UCasxUHsjyABKD11rDR3t2qw,UCasxUHsjyABKD11rDR3t2qw,UCasxUHsjyABKD11rDR3t2qw,UCasxUHsjyABKD11rDR3t2qw,UCasxUHsjyABKD11rDR3t2qw,UCasxUHsjyABKD11rDR3t2qw,UCasxUHsjyABKD11rDR3t2qw,UCasxUHsjyABKD11rDR3t2qw,UCasxUHsjyABKD11rDR3t2qw,UCasxUHsjyABKD11rDR3t2qw,UCasxUHsjyABKD11rDR3t2qw,UCasxUHsjyABKD11rDR3t2qw,UCasxUHsjyABKD11rDR3t2qw,UCasxUHsjyABKD11rDR3t2qw,UCasxUHsjyABKD11rDR3t2qw,UCasxUHsjyABKD11rDR3t2qw,UCasxUHsjyABKD11rDR3t2qw,UCasxUHsjyABKD11rDR3t2qw,UCasxUHsjyABKD11rDR3t2qw,UCNkpMtEtEGpK3MMRwwT6nGw,UCZNM_fFJ2lxwCYyMgFk7n9Q,UCKzT_GXYppZfUPwskIhLpPA,UCeJXIL07904cfa6mjcIEBXA,UCL0jwSQFFm_GrfBBPAFsnqQ,UCL0jwSQFFm_GrfBBPAFsnqQ,UCL0jwSQFFm_GrfBBPAFsnqQ,UCL0jwSQFFm_GrfBBPAFsnqQ,UCL0jwSQFFm_GrfBBPAFsnqQ,UCL0jwSQFFm_GrfBBPAFsnqQ,UCL0jwSQFFm_GrfBBPAFsnqQ,UCL0jwSQFFm_GrfBBPAFsnqQ,UCL0jwSQFFm_GrfBBPAFsnqQ,UCL0jwSQFFm_GrfBBPAFsnqQ,UCBal1-WYP8nQreasIL3f2IA,UCBal1-WYP8nQreasIL3f2IA,UCBal1-WYP8nQreasIL3f2IA,UCBal1-WYP8nQreasIL3f2IA,UCdLyrpdAKFDtJjpISYF5eSw,UCdLyrpdAKFDtJjpISYF5eSw,UCdLyrpdAKFDtJjpISYF5eSw,UC9ZlpaOTM5PfQ6BK5FCXkjg,UCQMH3-SWTynW3pDNV4gG9gw,UCQMH3-SWTynW3pDNV4gG9gw,UCQMH3-SWTynW3pDNV4gG9gw,UCQMH3-SWTynW3pDNV4gG9gw,UCQMH3-SWTynW3pDNV4gG9gw,UCQMH3-SWTynW3pDNV4gG9gw]","[[0], [1], [1], [0], [1], [1], [1], [1], [1], [1], [1], [1], [0], [0], [0], [0], [0], [0], [0], [0], [0], [0], [0], [0], [0], [0], [0], [0], [1], [0], [0], [0], [0], [0], [0], [1], [0, 1], [0], [0], [1], [0], [0], [0], [0], [0], [1], [0], [0], [0], [0], [1, 0, 0], [1], [0], [0], [0], [0], [0], [0], [0], [0], [0], [0], [0], [0], [0], [0], [0], [0], [0], [0], [0], [0], [0], [0], [0], [0], [0], [0], [0], [0], [0], [0], [0], [0], [0], [0], [0], [0], [0], [0], [0], [0], [0], [0], [0], [0], [0], [0], [0], [0], [0], [0], [0], [0], [0], [0], [0], [0], [0], [0], [0], [0], [0], [0], [0], [0], [0], [0], [0], [0], [0], [0], [0], [0], [0], [0], [0], [0], [0], [0], [0], [0], [0], [0], [0], [0], [0], [0], [0], [0], [0], [0], [0], [0], [0], [0], [0], [0], [0], [0], [0], [1], [0], [0], [0], [0], [0], [0], [0], [0], [0], [0], [0], [1], [0], [1], [0], [0], [0], [0], [0], [0], [0], [0], [0], [0], [0], [0], [0], [0], [0], [0], [0], [0], [0], [0], [0], [0], [0], [0], [0], [0], [0], [0], [0], [0], [0], [0], [0], [0], [0], [0], [0], [0], [0], [0], [1], [0], [0], [0], [0], [0], [0], [0], [0], [0], [0], [0], [0], [0], [0], [0], [0], [1], [0], [0], [1], [0], [0], [0], [0], [0], [0], [0], [0], [0], [0], [0], [0], [0], [0], [0], [0], [0], [0], [0], [0], [0], [0], [0], [0], [0], [0], [1, 1], [1], [0], [1], [0], [0], [0]]"
54,Sofia,[],,Bulgaria,BGR,"[dyKicGFgHI8,QlfcYZRj3I4,ceNwyUX8oZY]","[[0], [40], [23123], [0], [61], [0], [0], [0]]","[[1823], [1010], [25098], [1799], [2308], [1799], [1606], [1799]]","[0,0,0,0,0,0,0,0]","[17022023,9062022,14052018,12082023,4102022,25062024,6032024,11012024]","[UCc98TiiVl28m5JgcVAkBW2w,UCjHIDjcJxVVRW4VOIG7g8xA,UCyw7oIZalTvrDJOsD703U3Q,UC8gCwZPoh3Vza-pGZAA8E0w,UChuAYZfS6Tv0pKj_IPgih7Q,UCIEYAtvhx3RjGYgy_TZr2Jw,UCIEYAtvhx3RjGYgy_TZr2Jw,UCIEYAtvhx3RjGYgy_TZr2Jw]","[[0], [1], [0], [0], [1], [0], [0], [0]]"
59,Warsaw,[Warszawa],,Poland,POL,"[6lmJFfBXRTA,GvK9stv3B4A]","[[0], [0], [90], [60], [80, 4057, 130], [150], [0], [100, 666, 1867, 2006], [80]]","[[2385], [3605], [2424], [2551], [4056, 12426, 12707], [6020], [1990], [582, 1839, 1975, 2205], [5340]]","[0,0,0,0,0,0,0,9,4]","[4092022,25092021,17122020,15112024,11032025,12092025,13072018,3042025,23032025]","[UCRB-0dB27hep8W-NNufYYYA,UCJWVPxKZMNZMxN8-QInF7RQ,UCLlw7TAl8zmJa4vGFKu1c_Q,UCKPKkECp7Ad_GjQ8MFm1nXg,UCAhkUEDfztvmwDvEYeTB88g,UCKe92r0SA2CO_36AJhH-aHA,UCBBLtpHkNAt4LxmhJxCVlkg,UCAhkUEDfztvmwDvEYeTB88g,UCAhkUEDfztvmwDvEYeTB88g]","[[0], [0], [0], [0], [0, 0, 0], [0], [0], [0, 0, 0, 0], [0]]"
124,Montreal,[],QC,Canada,CAN,[IhQ6vMRmYoM],"[[25],[25],[25],[25],[25],[25],[0],[0,955,1800],[0],[0,1160,1424],[0],[0],[990],[12,558],[0],[19],[0],[0],[0],[0],[0],[0],[17],[0],[5,352,1120],[0,415,1463],[0],[155],[82],[305],[0,2050],[0],[45,483],[0],[0,1650,2293,3065],[190,1317],[57],[23],[0],[10],[10],[0],[0,1395],[0],[0],[10],[0],[75],[0],[0],[0],[0],[0],[0],[25],[0]]","[[2449],[2478],[2185],[2413],[2366],[2294],[2918],[519,1725,2398],[1582],[920,1220,1659],[2156],[2829],[1392],[557,2279],[1691],[3225],[1711],[648],[668],[2201],[3386],[2789],[2530],[972],[55,670,1404],[300,925,1824],[1464],[1709],[1588],[819],[630,2224],[1393],[175,997],[4286],[1210,2130,2497,4245],[735,2283],[1193],[2996],[6494],[1612],[1847],[327],[1224,2593],[2485],[4025],[900],[2136],[794],[1299],[2439],[3187],[2503],[2206],[1553],[2467],[670]]","[0,0,0,0,0,0,0,0,0,0,0,0,0,0,0,0,0,0,0,0,0,0,0,0,0,0,0,0,0,0,0,0,0,0,0,0,0,0,0,0,0,0,0,0,0,0,0,0,0,0,0,0,0,0,0,0]","[16022024,28112023,21102023,13102023,19092023,9092023,11022018,16052023,7112021,29052020,19092021,21112022,19112021,8112019,16052021,19072019,2052020,3052020,24052020,26052021,13012021,23082020,27072019,10072023,20112022,9082021,10072019,3082022,30112021,27092023,22082021,3112021,5072022,23052021,1072019,29092021,20062018,11092023,3102019,24092022,18092022,14112021,1112024,31102024,10112023,31072023,30072023,29072023,26072023,25072023,24072023,22072023,4072023,3072023,1072023,1072023]","[UChcPPozD-LOPyLt3La41yCA,UChcPPozD-LOPyLt3La41yCA,UChcPPozD-LOPyLt3La41yCA,UChcPPozD-LOPyLt3La41yCA,UChcPPozD-LOPyLt3La41yCA,UChcPPozD-LOPyLt3La41yCA,UCBcVQr-07MH-p9e2kRTdB3A,UCI046CoYUYZY9DpS_4z_pvA,UCI046CoYUYZY9DpS_4z_pvA,UCJ7QjqsmsPmhVGW31oysSuA,UCinMNNwGi3e1MYr6T7LvpMQ,UC2NEkXsVZ1vyaxYMjEE2K3A,UCCDmb6Zxm0itdfjkcXIIwTQ,UCqkS7xyIlwNPhbHn_gMlTFw,UCAmj2-19cCkdie6gQEeLC-A,UCHQoyepeFvEnnaPXXPkAlDA,UCHQoyepeFvEnnaPXXPkAlDA,UCHQoyepeFvEnnaPXXPkAlDA,UCHQoyepeFvEnnaPXXPkAlDA,UCAmj2-19cCkdie6gQEeLC-A,UCIyDYseHx08zoP0ODFBi2iQ,UCHQoyepeFvEnnaPXXPkAlDA,UCHQoyepeFvEnnaPXXPkAlDA,None,UCqoQFFBhzqWUP9abVnWGmaw,UCI046CoYUYZY9DpS_4z_pvA,UCmkcwJbrdnj_epD-LnahtvA,UC0xzhiSf852zu07cmhglORA,UCCDmb6Zxm0itdfjkcXIIwTQ,UCCDmb6Zxm0itdfjkcXIIwTQ,UCI046CoYUYZY9DpS_4z_pvA,UCCDmb6Zxm0itdfjkcXIIwTQ,UCPHh2gVVkqAw6W8W9ybc5Ww,UCI046CoYUYZY9DpS_4z_pvA,UChRCcRvtawVV-QoZhtZ4Lgw,UCI046CoYUYZY9DpS_4z_pvA,UCpyN5z5ZNDb8LJ83gsn-loA,UCk0xpfrrpSZJF1qJtIun4hg,UChRCcRvtawVV-QoZhtZ4Lgw,UCIStmb2WWwUe9cgfs1W-BUw,UCIStmb2WWwUe9cgfs1W-BUw,UCTjaliDM1eRFi2FrHYyL3wg,UCAbh2jQVqARmWPklhwEdu9A,UCAbh2jQVqARmWPklhwEdu9A,UCAbh2jQVqARmWPklhwEdu9A,UCAbh2jQVqARmWPklhwEdu9A,UCAbh2jQVqARmWPklhwEdu9A,UCAbh2jQVqARmWPklhwEdu9A,UCAbh2jQVqARmWPklhwEdu9A,UCAbh2jQVqARmWPklhwEdu9A,UCAbh2jQVqARmWPklhwEdu9A,UCAbh2jQVqARmWPklhwEdu9A,UCAbh2jQVqARmWPklhwEdu9A,UCAbh2jQVqARmWPklhwEdu9A,UCAbh2jQVqARmWPklhwEdu9A,UCAbh2jQVqARmWPklhwEdu9A]","[[0],[0],[0],[0],[0],[0],[0],[1,1,1],[0],[0,0,0],[0],[0],[0],[0,1],[0],[0],[0],[0],[0],[0],[1],[1],[0],[0],[0,0,0],[0,0,0],[0],[0],[0],[0],[0,0],[0],[0,0],[0],[0,0,0,0],[0,0],[0],[0],[0],[0],[0],[0],[0,1],[0],[0],[0],[0],[0],[0],[0],[0],[0],[0],[0],[0],[0]]"
152,Lisbon,[Lisboa],,Portugal,PRT,"[6LBP-_b7ajw,9b-OD74oD_8,fzMimcnfyLg]","[[1947], [70], [64], [74], [71], [200], [96], [51], [60], [27], [1020], [448], [712], [120], [110], [2840], [85], [0], [62], [1035], [56], [2, 2], [58], [205], [60, 3457], [7895], [90], [0], [0], [0], [0], [0], [0]]","[[2875], [908], [3030], [1440], [957], [2284], [1647], [900], [1408], [920], [1667], [4160], [1391], [1940], [2100], [4560], [3448], [3122], [4434], [1379], [2129], [1037, 1037], [619], [3810], [2849, 4406], [8529], [4431], [1799], [1799], [1799], [1800], [1761], [1799]]","[0,0,0,0,0,0,0,0,0,0,0,0,0,0,0,0,0,0,0,0,0,0,0,0,0,0,0,0,0,0,0,0,0]","[7082020,24082022,21092021,20092021,10062023,27052023,7052023,17042023,28032023,3112021,29012022,13022022,6032022,31082022,1032023,30052022,24042021,27022021,14012024,20022022,5032023,25062020,11032023,18062021,26062020,29032019,10022025,21052025,13022025,18012025,17022025,8102024,16082024]","[UCzzGsm1Z2TAvUAUO4JDm4Zw,UCjHIDjcJxVVRW4VOIG7g8xA,UCjHIDjcJxVVRW4VOIG7g8xA,UCjHIDjcJxVVRW4VOIG7g8xA,UCjHIDjcJxVVRW4VOIG7g8xA,UCjHIDjcJxVVRW4VOIG7g8xA,UCjHIDjcJxVVRW4VOIG7g8xA,UCjHIDjcJxVVRW4VOIG7g8xA,UCjHIDjcJxVVRW4VOIG7g8xA,UCjHIDjcJxVVRW4VOIG7g8xA,UCjHIDjcJxVVRW4VOIG7g8xA,UCjHIDjcJxVVRW4VOIG7g8xA,UCjHIDjcJxVVRW4VOIG7g8xA,UCjHIDjcJxVVRW4VOIG7g8xA,UCjHIDjcJxVVRW4VOIG7g8xA,UCLLONG6w20nQOqI_dm4nGrg,UC_V2-rK2e97fZNCQUDGO7zA,UC_V2-rK2e97fZNCQUDGO7zA,UCrzS-oNwWlnCtdtsdcPMmiA,UCjHIDjcJxVVRW4VOIG7g8xA,UCjHIDjcJxVVRW4VOIG7g8xA,UCWPmCYaly-13T5V-Et3BNWg,UCB8pEsJ80lbb4X3_Mu6Krzw,UCOTltJnsvy8V9ku46nARF6w,UCWPmCYaly-13T5V-Et3BNWg,UCJMIAkgOCfi6xiMW5JwqzFQ,UCHhqou8CmYuktpXZN0H91xA,UC8gCwZPoh3Vza-pGZAA8E0w,UC8gCwZPoh3Vza-pGZAA8E0w,UC8gCwZPoh3Vza-pGZAA8E0w,UCIEYAtvhx3RjGYgy_TZr2Jw,UCIEYAtvhx3RjGYgy_TZr2Jw,UCIEYAtvhx3RjGYgy_TZr2Jw]","[[0], [0], [0], [1], [0], [0], [0], [0], [0], [0], [0], [0], [0], [0], [0], [0], [0], [0], [0], [0], [0], [0, 0], [0], [0], [1, 0], [0], [0], [0], [0], [0], [0], [0], [0]]"
156,Aveiro,[],,Portugal,PRT,[4PmUKlxthmI],"[[170], [80], [5], [102], [2325], [0], [0]]","[[2636], [2470], [1306], [1161], [5029], [1799], [1810]]","[0,0,0,0,0,0,0]","[27032022,24072021,9092023,6022021,11012025,5032025,7112024]","[UCjHIDjcJxVVRW4VOIG7g8xA,UC_V2-rK2e97fZNCQUDGO7zA,UCJQ4a1vGJz6v746ZmzzB0kg,UCJIy_rPEeSXQ89dhmbroPBQ,UC9Ig6oRLl7fqNIi45aSXhbQ,UC8gCwZPoh3Vza-pGZAA8E0w,UCIEYAtvhx3RjGYgy_TZr2Jw]","[[0], [0], [0], [0], [0], [0], [0]]"
160,Porto,[],,Portugal,PRT,[4JoM0V0GsH0],"[[0], [0], [135], [70], [17, 1554], [150, 1099], [257], [25], [40], [0, 0], [7], [2026], [10], [0], [123], [6049], [0], [0]]","[[1740], [630], [3567], [4002], [1513, 2269], [1099, 1146], [1665], [506], [2740], [1859, 1860], [360], [2942], [3620], [560], [744], [7628], [1799], [1266]]","[0,0,0,0,0,0,0,0,0,2,0,0,0,0,0,0,0,2]","[17052022,20112022,21082021,27032021,1012020,22032021,23082018,11012025,28112023,23052025,5082020,11042025,11012022,6012019,28052022,30032019,30082024,20052025]","[UCLLONG6w20nQOqI_dm4nGrg,UCkQTc0dnrbOUsCQYH924yeg,UC_V2-rK2e97fZNCQUDGO7zA,UC_V2-rK2e97fZNCQUDGO7zA,UCg1sAFKjbgemJnIODXe_2BQ,UCP8kwi4jEI02_zxHc7gDkvQ,UCi0DIrceZqjDR6LLCDJupXA,UC9Ig6oRLl7fqNIi45aSXhbQ,UCEK1plVoCFO_YNlAQV-yJAA,UCIEYAtvhx3RjGYgy_TZr2Jw,UCzzGsm1Z2TAvUAUO4JDm4Zw,UCMJScC9Hq4nJDKw6a3a2aRQ,UCOTltJnsvy8V9ku46nARF6w,UCEC9kF6L1-Y1U2OYIpBX2DA,UCLLONG6w20nQOqI_dm4nGrg,UCJMIAkgOCfi6xiMW5JwqzFQ,UC8gCwZPoh3Vza-pGZAA8E0w,UCIEYAtvhx3RjGYgy_TZr2Jw]","[[0], [0], [0], [0], [0, 0], [0, 1], [0], [0], [0], [0, 0], [0], [0], [0], [0], [0], [0], [0], [0]]"
163,Athens,[],,Greece,GRC,[S2ZdAcHQLcA],"[[0], [0], [70], [70], [0, 661], [0], [0], [0], [1], [29], [14], [24], [3], [19], [7], [5], [4], [18], [29], [19], [20], [17], [18], [20], [16], [17], [17], [17], [0], [1], [0], [0], [0]]","[[1424], [1673], [3311], [3000], [660, 1268], [1662], [638], [1260], [1348], [772], [985], [635], [765], [500], [879], [619], [1474], [717], [917], [870], [855], [341], [429], [438], [1189], [364], [311], [575], [2578], [1862], [1433], [1849], [1799]]","[0,0,0,0,0,0,0,0,0,0,0,0,0,0,0,0,0,0,0,0,0,0,0,0,0,0,0,0,0,0,0,0,0]","[17072021,15092023,8122022,5012024,3062022,16012023,11062025,18012023,30072024,28032023,22072023,14072024,21012023,23062025,23072022,31082024,29112021,26122024,7092024,28052025,17072024,23072024,27072024,31072024,1092024,11062024,7062025,11062025,1012023,3032024,13082024,5082023,12072024]","[UCI95kMs5h0VOQ9h981r9hfw,UCuNJSe9Lj4sHVr7ziljzUGg,UC_V2-rK2e97fZNCQUDGO7zA,UCc98TiiVl28m5JgcVAkBW2w,UCdSmbGl5RKOd5UHQiwAxE1w,UC1cY7rbV5Rw4JboB7Mj_4Zg,UC1cY7rbV5Rw4JboB7Mj_4Zg,UCmm9sXIyT2NlA2i_l_RUaDg,UCjg9GvCg-i0UENiry1TcnDw,UCaIRiYtRPpNQOPsql2tak2w,UCdSmbGl5RKOd5UHQiwAxE1w,UCaIRiYtRPpNQOPsql2tak2w,UCdSmbGl5RKOd5UHQiwAxE1w,UCaIRiYtRPpNQOPsql2tak2w,UCI95kMs5h0VOQ9h981r9hfw,UCjg9GvCg-i0UENiry1TcnDw,UCuNJSe9Lj4sHVr7ziljzUGg,UCaIRiYtRPpNQOPsql2tak2w,UCaIRiYtRPpNQOPsql2tak2w,UCaIRiYtRPpNQOPsql2tak2w,UCaIRiYtRPpNQOPsql2tak2w,UCaIRiYtRPpNQOPsql2tak2w,UCaIRiYtRPpNQOPsql2tak2w,UCaIRiYtRPpNQOPsql2tak2w,UCaIRiYtRPpNQOPsql2tak2w,UCaIRiYtRPpNQOPsql2tak2w,UCaIRiYtRPpNQOPsql2tak2w,UCaIRiYtRPpNQOPsql2tak2w,UCmm9sXIyT2NlA2i_l_RUaDg,UCNLW_hH30OxQKrQtrgxGi-g,UCyBm4Fbtvc0cbr39XXdWApQ,UC8gCwZPoh3Vza-pGZAA8E0w,UCIEYAtvhx3RjGYgy_TZr2Jw]","[[0], [0], [0], [0], [0, 1], [0], [0], [0], [0], [0], [0], [0], [0], [0], [0], [0], [0], [0], [0], [0], [0], [1], [0], [0], [1], [0], [0], [0], [0], [1], [1], [0], [0]]"
174,Zagreb,[],,Croatia,HRV,[2JOEqtM21oI],"[[63], [13615], [27], [18820], [370], [0], [0], [0], [0], [11], [3], [0], [3], [0], [25], [0], [0], [0], [0], [0, 2791], [0], [0], [0], [0], [0], [0], [0], [0], [0], [0], [0], [0], [0], [0]]","[[4462], [14669], [1744], [20712], [1220], [3306], [1207], [1800], [1251], [920], [475], [3074], [2715], [2202], [1123], [1360], [1624], [1800], [2998], [2790, 3832], [1486], [917], [1237], [1334], [1099], [1412], [1387], [1451], [1503], [1294], [1396], [1758], [443], [1806]]","[0,0,0,0,0,0,0,0,0,0,0,0,0,0,0,0,0,0,0,0,0,0,0,0,0,0,0,0,0,0,0,0,0,0]","[19102022,11082024,1092024,4022023,23082024,16092024,11022022,17052023,1052023,2032025,6072025,23102022,26092022,28092022,29092022,30092022,9102022,11102022,14102022,15102022,20102022,16102022,19102022,22102022,26102022,27102022,28102022,29102022,31102022,1112022,2112022,23072022,1122024,17042024]","[UC_V2-rK2e97fZNCQUDGO7zA,UCt_LlOp29uAi7JVBYdJDkYw,UCt_LlOp29uAi7JVBYdJDkYw,UCU2vUFFsJJEYbw9EoV17Qew,UCneptklFPifJ0m8sJCO99MQ,UCHhqou8CmYuktpXZN0H91xA,UCjWgL6cpnEXCumy6bsrhYVw,UC8gCwZPoh3Vza-pGZAA8E0w,UC_9R-Uxk7XdO9aALs1KEeIQ,UC3Iytl65J4UQax-i1_HkYbQ,UC3Iytl65J4UQax-i1_HkYbQ,UC_9R-Uxk7XdO9aALs1KEeIQ,UC_9R-Uxk7XdO9aALs1KEeIQ,UC_9R-Uxk7XdO9aALs1KEeIQ,UC_9R-Uxk7XdO9aALs1KEeIQ,UC_9R-Uxk7XdO9aALs1KEeIQ,UC_9R-Uxk7XdO9aALs1KEeIQ,UC_9R-Uxk7XdO9aALs1KEeIQ,UC_9R-Uxk7XdO9aALs1KEeIQ,UC_9R-Uxk7XdO9aALs1KEeIQ,UC_9R-Uxk7XdO9aALs1KEeIQ,UC_9R-Uxk7XdO9aALs1KEeIQ,UC_9R-Uxk7XdO9aALs1KEeIQ,UC_9R-Uxk7XdO9aALs1KEeIQ,UC_9R-Uxk7XdO9aALs1KEeIQ,UC_9R-Uxk7XdO9aALs1KEeIQ,UC_9R-Uxk7XdO9aALs1KEeIQ,UC_9R-Uxk7XdO9aALs1KEeIQ,UC_9R-Uxk7XdO9aALs1KEeIQ,UC_9R-Uxk7XdO9aALs1KEeIQ,UC_9R-Uxk7XdO9aALs1KEeIQ,UC_9R-Uxk7XdO9aALs1KEeIQ,UC3Iytl65J4UQax-i1_HkYbQ,UCIEYAtvhx3RjGYgy_TZr2Jw]","[[0], [0], [0], [0], [0], [0], [0], [0], [0], [0], [0], [0], [0], [0], [1], [0], [0], [0], [1], [0, 1], [0], [0], [0], [0], [0], [0], [0], [0], [0], [0], [0], [0], [0], [0]]"
178,Pisa,[],,Italy,ITA,[ZZwEEA9drcA],"[[56], [0], [10, 2582], [0], [0]]","[[2790], [1439], [2581, 3305], [1800], [1799]]","[0,0,0,0,0]","[10092022,23092021,5052022,1052025,18102024]","[UC_V2-rK2e97fZNCQUDGO7zA,UCk0xpfrrpSZJF1qJtIun4hg,UCIStmb2WWwUe9cgfs1W-BUw,UC8gCwZPoh3Vza-pGZAA8E0w,UCIEYAtvhx3RjGYgy_TZr2Jw]","[[0], [0], [0, 1], [0], [0]]"
181,Verona,[],,Italy,ITA,[IsBn7U3h1Vk],"[[55], [10], [3888], [0], [0]]","[[3600], [5300], [4605], [420], [1799]]","[0,0,0,0,0]","[23072022,3062020,3092025,26032016,27022025]","[UC_V2-rK2e97fZNCQUDGO7zA,UC_V2-rK2e97fZNCQUDGO7zA,UCxb1oZfq66qu8lhargjTS_g,UCvyT6G9kZ_9h1Aiv6UY8hKg,UCIEYAtvhx3RjGYgy_TZr2Jw]","[[0], [0], [0], [0], [0]]"
183,MÃ¼nchen,"[Munchen,Munich]",,Germany,DEU,[B1pEJGJl6lg],"[[166], [0], [0], [36, 2470], [0], [0], [0], [0], [0], [0], [0], [207], [0], [0], [0]]","[[7200], [3250], [1640], [2465, 3674], [2284], [2217], [7197], [1898], [432], [420], [330], [6827], [623], [1798], [1799]]","[0,0,0,0,0,0,0,0,0,0,0,0,0,0,0]","[4062022,1022021,5022022,8032025,2052025,2022025,7092024,27012024,24082022,24082022,24082022,27072025,11062019,11052024,29052024]","[UC_V2-rK2e97fZNCQUDGO7zA,UC_V2-rK2e97fZNCQUDGO7zA,UCJWVPxKZMNZMxN8-QInF7RQ,UCBcVQr-07MH-p9e2kRTdB3A,UC0H-Sa4Ua_wWGYMmc6ITpRg,UChhTjII3C37f8pK-iu23NGw,UChhTjII3C37f8pK-iu23NGw,UChhTjII3C37f8pK-iu23NGw,UCH3rnEYxR0GuTwYisGLa32g,UCH3rnEYxR0GuTwYisGLa32g,UCH3rnEYxR0GuTwYisGLa32g,UCKe92r0SA2CO_36AJhH-aHA,UCRfm-FPFhA7cKxgt19Jfudw,UC8gCwZPoh3Vza-pGZAA8E0w,UCIEYAtvhx3RjGYgy_TZr2Jw]","[[0], [0], [0], [0, 1], [0], [0], [0], [0], [0], [0], [0], [0], [0], [0], [0]]"
185,Bologna,[],,Italy,ITA,[Hr_-VQhIq90],"[[65], [10], [0], [2725], [0], [10], [20], [0], [0]]","[[2870], [1540], [530], [2898], [2292], [745], [470], [1805], [1799]]","[0,0,0,0,0,0,0,0,0]","[8012022,6062021,6062021,2062021,16082022,2092025,12032013,12102024,17012025]","[UC_V2-rK2e97fZNCQUDGO7zA,UC9z1Mi2Aw4SxeoJETyHjk2A,UC9z1Mi2Aw4SxeoJETyHjk2A,UC9z1Mi2Aw4SxeoJETyHjk2A,UCPepw8dg3wdna7NwGjiWUVA,UCxb1oZfq66qu8lhargjTS_g,UCM2mxLNYTRSP9iRXhkReAfw,UC8gCwZPoh3Vza-pGZAA8E0w,UCIEYAtvhx3RjGYgy_TZr2Jw]","[[0], [0], [0], [0], [0], [0], [0], [0], [0]]"
187,Florence,"[Firenze,Florenz]",,Italy,ITA,[2XC_o17dnqI],"[[100], [40], [30], [65, 1006], [10, 1907], [0], [141], [0]]","[[3330], [1858], [3800], [1007, 1102], [1906, 2534], [491], [506], [1799]]","[0,0,0,0,0,0,0,0]","[18122021,19092021,30082025,5042025,11052022,30102016,2052018,23082024]","[UC_V2-rK2e97fZNCQUDGO7zA,UCOG_imhDwtvT4Bxy4J_vItg,UCrzS-oNwWlnCtdtsdcPMmiA,UCY6FptxAGPcPHZhCzwC8MXw,UCIStmb2WWwUe9cgfs1W-BUw,UCIQtoHw5mC_PE-T7OyyGX1g,UCm7BA-gavmre5snEYgvTVqQ,UCIEYAtvhx3RjGYgy_TZr2Jw]","[[0], [0], [0], [0, 1], [0, 1], [0], [0], [0]]"
188,Genoa,"[Genua,Genova]",,Italy,ITA,"[73mVIHVkApc,EfIzTqo4vVs]","[[85], [30], [40], [0], [0], [0], [0], [0], [0], [0], [0], [0], [0], [0], [0], [0], [0], [0], [0], [0], [0], [0], [0], [0], [0], [0], [0], [0], [0], [0], [0], [0], [0], [0], [0], [0], [0], [0], [0], [0], [0], [0], [0], [0], [0], [0], [0], [0], [0], [0], [0], [0], [0], [0], [0], [0], [0], [0], [0], [0], [0], [55, 4032], [10], [0], [0], [0]]","[[3090], [2138], [4580], [2875], [598], [2050], [864], [1019], [1391], [921], [970], [815], [1368], [1923], [1200], [1733], [2383], [1319], [1102], [1019], [1917], [1793], [2409], [1737], [2747], [1933], [2326], [1256], [2096], [1145], [1559], [1636], [1716], [1838], [790], [1826], [2187], [3097], [2004], [964], [4080], [2109], [2411], [1738], [1415], [1121], [1731], [1879], [2491], [1857], [1170], [1491], [1822], [2559], [2276], [513], [576], [904], [1358], [1358], [1358], [3748, 5250], [659], [1799], [1799], [1799]]","[0,0,0,0,0,0,0,0,0,0,0,0,0,0,0,0,0,0,0,0,0,0,0,0,0,0,0,0,0,0,0,0,0,0,0,0,0,0,0,0,0,0,0,0,0,0,0,0,0,0,0,0,0,0,0,0,0,0,0,0,0,0,0,0,2,2]","[11092021,10072021,2062024,23102023,21112025,15112025,14112025,18102025,18092025,18092025,12092025,6082025,31072025,12072025,5072025,1072025,28062025,14062025,8062025,24052025,1052025,26042025,13042025,4042025,3042025,28032025,18032025,15032025,7032025,5032025,9022025,6022025,21012025,16012025,21092024,7092024,3092024,26082024,24082024,15082024,12082024,2082024,25072024,21072024,6072024,29062024,23062024,15062024,26012024,17112023,4112023,27102023,16092023,5092023,1092023,10102022,8102022,7102022,5092022,5092022,2092022,20082020,25082022,5112024,13062025,10062025]","[UC_V2-rK2e97fZNCQUDGO7zA,UCBcVQr-07MH-p9e2kRTdB3A,UCbMmFSIJrv-DOaTt4zKraZA,UCJsYxHTF7vRPZZSpsoARbCg,UCJsYxHTF7vRPZZSpsoARbCg,UCJsYxHTF7vRPZZSpsoARbCg,UCJsYxHTF7vRPZZSpsoARbCg,UCJsYxHTF7vRPZZSpsoARbCg,UCJsYxHTF7vRPZZSpsoARbCg,UCJsYxHTF7vRPZZSpsoARbCg,UCJsYxHTF7vRPZZSpsoARbCg,UCJsYxHTF7vRPZZSpsoARbCg,UCJsYxHTF7vRPZZSpsoARbCg,UCJsYxHTF7vRPZZSpsoARbCg,UCJsYxHTF7vRPZZSpsoARbCg,UCJsYxHTF7vRPZZSpsoARbCg,UCJsYxHTF7vRPZZSpsoARbCg,UCJsYxHTF7vRPZZSpsoARbCg,UCJsYxHTF7vRPZZSpsoARbCg,UCJsYxHTF7vRPZZSpsoARbCg,UCJsYxHTF7vRPZZSpsoARbCg,UCJsYxHTF7vRPZZSpsoARbCg,UCJsYxHTF7vRPZZSpsoARbCg,UCJsYxHTF7vRPZZSpsoARbCg,UCJsYxHTF7vRPZZSpsoARbCg,UCJsYxHTF7vRPZZSpsoARbCg,UCJsYxHTF7vRPZZSpsoARbCg,UCJsYxHTF7vRPZZSpsoARbCg,UCJsYxHTF7vRPZZSpsoARbCg,UCJsYxHTF7vRPZZSpsoARbCg,UCJsYxHTF7vRPZZSpsoARbCg,UCJsYxHTF7vRPZZSpsoARbCg,UCJsYxHTF7vRPZZSpsoARbCg,UCJsYxHTF7vRPZZSpsoARbCg,UCJsYxHTF7vRPZZSpsoARbCg,UCJsYxHTF7vRPZZSpsoARbCg,UCJsYxHTF7vRPZZSpsoARbCg,UCJsYxHTF7vRPZZSpsoARbCg,UCJsYxHTF7vRPZZSpsoARbCg,UCJsYxHTF7vRPZZSpsoARbCg,UCJsYxHTF7vRPZZSpsoARbCg,UCJsYxHTF7vRPZZSpsoARbCg,UCJsYxHTF7vRPZZSpsoARbCg,UCJsYxHTF7vRPZZSpsoARbCg,UCJsYxHTF7vRPZZSpsoARbCg,UCJsYxHTF7vRPZZSpsoARbCg,UCJsYxHTF7vRPZZSpsoARbCg,UCJsYxHTF7vRPZZSpsoARbCg,UCJsYxHTF7vRPZZSpsoARbCg,UCJsYxHTF7vRPZZSpsoARbCg,UCJsYxHTF7vRPZZSpsoARbCg,UCJsYxHTF7vRPZZSpsoARbCg,UCJsYxHTF7vRPZZSpsoARbCg,UCJsYxHTF7vRPZZSpsoARbCg,UCJsYxHTF7vRPZZSpsoARbCg,UCH3rnEYxR0GuTwYisGLa32g,UCH3rnEYxR0GuTwYisGLa32g,UCH3rnEYxR0GuTwYisGLa32g,UCH3rnEYxR0GuTwYisGLa32g,UCH3rnEYxR0GuTwYisGLa32g,UCH3rnEYxR0GuTwYisGLa32g,UCHhqou8CmYuktpXZN0H91xA,UCXDaH0VYahdSKj1QzFi_2WA,UC8gCwZPoh3Vza-pGZAA8E0w,UCIEYAtvhx3RjGYgy_TZr2Jw,UCIEYAtvhx3RjGYgy_TZr2Jw]","[[0], [0], [0], [0], [0], [0], [0], [0], [0], [0], [0], [0], [0], [0], [0], [0], [0], [0], [0], [0], [0], [0], [0], [0], [0], [0], [0], [0], [0], [0], [0], [0], [0], [0], [0], [0], [0], [0], [0], [0], [0], [0], [0], [0], [0], [0], [0], [0], [0], [0], [0], [0], [0], [0], [0], [0], [0], [0], [0], [0], [0], [0, 0], [0], [0], [0], [0]]"
190,Seville,[Sevilla],,Spain,ESP,"[yEQUR_6NhYI,EjiXImhKV9g]","[[78], [50], [0], [420], [30], [0], [0], [0], [0]]","[[2670], [2550], [3167], [1418], [2650], [1800], [1799], [1800], [1868]]","[0,0,0,0,0,0,0,0,2]","[12062021,5062021,19022025,15022023,4022023,11072025,23102024,12072025,27062025]","[UC_V2-rK2e97fZNCQUDGO7zA,UC_V2-rK2e97fZNCQUDGO7zA,UCjHIDjcJxVVRW4VOIG7g8xA,UCrk91G7NWBjZGUotEVCCmJg,UC5alw9-AiO1eMi382t92hWQ,UC8gCwZPoh3Vza-pGZAA8E0w,UC8gCwZPoh3Vza-pGZAA8E0w,UCIEYAtvhx3RjGYgy_TZr2Jw,UCIEYAtvhx3RjGYgy_TZr2Jw]","[[0], [0], [0], [0], [0], [0], [0], [0], [0]]"
192,Toulouse,[],,France,FRA,[oCrPpHDeF1k],"[[95], [40], [0], [0], [6], [0], [6, 1527, 2636, 4031], [80, 1600], [6], [6], [10], [10], [10], [6], [6], [12, 653], [0], [0], [0]]","[[4428], [1215], [4602], [3949], [3809], [2843], [1525, 2200, 3810, 5720], [1596, 2695], [1927], [1923], [1220], [1308], [1719], [1188], [351], [543, 1180], [2399], [839], [1803]]","[0,0,0,0,0,0,0,0,0,0,0,0,0,0,0,0,0,0,0]","[10042021,15012021,23032023,15082024,28072024,24032024,19112023,2112023,25082023,24082023,24082023,23082023,23082023,23082023,23082023,14082023,6092021,5092021,2122024]","[UC_V2-rK2e97fZNCQUDGO7zA,UCE9THn93-ioOyKQIg6EHo2Q,UCrk91G7NWBjZGUotEVCCmJg,UCgk6XhaelDlSGTOaKaFej0Q,UCgk6XhaelDlSGTOaKaFej0Q,UCgk6XhaelDlSGTOaKaFej0Q,UCgk6XhaelDlSGTOaKaFej0Q,UCgk6XhaelDlSGTOaKaFej0Q,UCgk6XhaelDlSGTOaKaFej0Q,UCgk6XhaelDlSGTOaKaFej0Q,UCgk6XhaelDlSGTOaKaFej0Q,UCgk6XhaelDlSGTOaKaFej0Q,UCgk6XhaelDlSGTOaKaFej0Q,UCgk6XhaelDlSGTOaKaFej0Q,UCgk6XhaelDlSGTOaKaFej0Q,UCgk6XhaelDlSGTOaKaFej0Q,UCgk6XhaelDlSGTOaKaFej0Q,UCgk6XhaelDlSGTOaKaFej0Q,UCIEYAtvhx3RjGYgy_TZr2Jw]","[[0], [0], [0], [0], [0], [0], [0, 0, 0, 0], [0, 0], [0], [0], [0], [0], [0], [0], [0], [0, 0], [0], [0], [0]]"
206,Kalamata,[],,Greece,GRC,"[gvcpBj_ohGA,fZ5FnKFF8Zc]","[[34], [0], [0], [0]]","[[1350], [1795], [1798], [1799]]","[0,0,0,0]","[30082024,22072023,10052024,24012024]","[UCc98TiiVl28m5JgcVAkBW2w,UC8gCwZPoh3Vza-pGZAA8E0w,UCIEYAtvhx3RjGYgy_TZr2Jw,UCIEYAtvhx3RjGYgy_TZr2Jw]","[[0], [0], [0], [0]]"
209,Bilbao,[],,Spain,ESP,"[TYiZufC0O5k,_9Q6Qf7CMdA]","[[0], [0], [0]]","[[3570], [1319], [1801]]","[0,2,0]","[16032024,19112025,20032025]","[UCJQNn3HOE17fsAOfMqhIIOg,UCIEYAtvhx3RjGYgy_TZr2Jw,UCIEYAtvhx3RjGYgy_TZr2Jw]","[[0], [0], [0]]"
263,Valencia,[],,Spain,ESP,[II3ADROO7y0],"[[0], [50], [0], [833], [0], [5], [30], [10], [0], [0], [0], [0], [0], [0], [0], [0], [0], [0], [0], [0], [0], [0], [0], [0], [0], [0], [0], [0], [0], [0], [0], [0], [0], [0], [0], [0], [90, 484, 933], [0], [0]]","[[2772], [884], [1035], [1245], [821], [358], [1254], [1375], [4799], [618], [746], [320], [635], [605], [367], [552], [289], [653], [611], [371], [685], [1091], [618], [642], [412], [589], [406], [573], [812], [523], [723], [873], [1086], [2216], [1350], [1234], [470, 810, 1790], [1799], [1820]]","[0,0,0,0,0,0,0,0,0,0,0,0,0,0,0,0,0,0,0,0,0,0,0,0,0,0,0,0,0,0,0,0,0,0,0,0,0,0,0]","[15042021,5052023,6032023,8042022,5022024,12032025,10042023,24082024,14082022,16012024,9012024,2012024,26122023,12122023,28112023,21112023,14112023,7112023,31102023,24102023,17102023,8102023,3092023,27082023,12082023,4082023,13012023,21122022,13122022,5122022,27112022,17112022,2112022,17052022,24042022,4032022,12102025,21092024,2052025]","[UC2s4RE3zutDyS0Ibq06S7Gw,UC2nKJk5phhx062xepkN1tcw,UCrk91G7NWBjZGUotEVCCmJg,UCFSP1UwkjWhLECtxONoFNqg,UC1L8h1f1tRAbhHLk4puJRWQ,UCq52OW2eyXt-t2IPzyjJHxA,UC6qr3JJdnm_EhYTaR0-MKIA,UCkF1ToTiMXnaIPRfktJjxbg,UC-2Hv0Cu4j-M1Tn51s7UlhQ,UC-2Hv0Cu4j-M1Tn51s7UlhQ,UC-2Hv0Cu4j-M1Tn51s7UlhQ,UC-2Hv0Cu4j-M1Tn51s7UlhQ,UC-2Hv0Cu4j-M1Tn51s7UlhQ,UC-2Hv0Cu4j-M1Tn51s7UlhQ,UC-2Hv0Cu4j-M1Tn51s7UlhQ,UC-2Hv0Cu4j-M1Tn51s7UlhQ,UC-2Hv0Cu4j-M1Tn51s7UlhQ,UC-2Hv0Cu4j-M1Tn51s7UlhQ,UC-2Hv0Cu4j-M1Tn51s7UlhQ,UC-2Hv0Cu4j-M1Tn51s7UlhQ,UC-2Hv0Cu4j-M1Tn51s7UlhQ,UC-2Hv0Cu4j-M1Tn51s7UlhQ,UC-2Hv0Cu4j-M1Tn51s7UlhQ,UC-2Hv0Cu4j-M1Tn51s7UlhQ,UC-2Hv0Cu4j-M1Tn51s7UlhQ,UC-2Hv0Cu4j-M1Tn51s7UlhQ,UC-2Hv0Cu4j-M1Tn51s7UlhQ,UC-2Hv0Cu4j-M1Tn51s7UlhQ,UC-2Hv0Cu4j-M1Tn51s7UlhQ,UC-2Hv0Cu4j-M1Tn51s7UlhQ,UC-2Hv0Cu4j-M1Tn51s7UlhQ,UC-2Hv0Cu4j-M1Tn51s7UlhQ,UC-2Hv0Cu4j-M1Tn51s7UlhQ,UC-2Hv0Cu4j-M1Tn51s7UlhQ,UC-2Hv0Cu4j-M1Tn51s7UlhQ,UC-2Hv0Cu4j-M1Tn51s7UlhQ,UCKQlpYUHB6Qr8rOwTY4iKrg,UC8gCwZPoh3Vza-pGZAA8E0w,UCIEYAtvhx3RjGYgy_TZr2Jw]","[[0], [0], [0], [0], [0], [0], [0], [0], [0], [0], [0], [0], [0], [0], [0], [0], [0], [0], [0], [0], [0], [0], [0], [0], [0], [0], [0], [0], [0], [0], [0], [0], [0], [0], [0], [0], [0, 0, 0], [0], [0]]"
676,Sainte-Rose,[],,Guadeloupe,GLP,[b-Udrayj7O4],"[[32,843],[1267],[1399],[285]]","[[759,958],[1986],[1522],[489]]","[0,0,0,0]","[18042022,14042022,2112017,5112017]","[UCI_5RDKQrnIPadxveHgY3Vg,UCI_5RDKQrnIPadxveHgY3Vg,UCzxWFIJccSKOfRmLiMOs-Fw,UCzxWFIJccSKOfRmLiMOs-Fw]","[[0,0],[0],[0],[0]]"
677,Pointe-Ã -Pitre,[Pointe-a-Pitre],,Guadeloupe,GLP,[b-Udrayj7O4],"[[21,858],[2696],[1258,1509],[233],[422],[50],[25,713]]","[[530,1175],[3015],[1444,1630],[1192],[1043],[600],[650,1083]]","[0,0,0,0,0,0,0]","[12072022,28062022,11032024,14032024,21032024,14042022,31032022]","[UCI_5RDKQrnIPadxveHgY3Vg,UCI_5RDKQrnIPadxveHgY3Vg,UC_GmV23frnYw9S9x7yPjJ7g,UC_GmV23frnYw9S9x7yPjJ7g,UC_GmV23frnYw9S9x7yPjJ7g,UCI_5RDKQrnIPadxveHgY3Vg,UCI_5RDKQrnIPadxveHgY3Vg]","[[0,0],[0],[0,0],[0],[0],[0],[0,0]]"
1400,Varna,[],,Bulgaria,BGR,[IuBbCSyb7hk],"[[2274], [89], [0], [0]]","[[2414], [1296], [1798], [1798]]","[0,0,0,0]","[23052021,12112023,17062023,10112023]","[UCqgzBDk_OGZPF8o33zWo2dw,UCUszl6VBXRTXa1T3QKIoj_Q,UC8gCwZPoh3Vza-pGZAA8E0w,UCIEYAtvhx3RjGYgy_TZr2Jw]","[[0], [0], [0], [0]]"
1408,Timisoara,[],,Romania,ROU,[6PflqGWm40U],"[[6], [0], [0]]","[[1167], [1799], [1860]]","[0,0,0]","[14052018,20052023,29092023]","[UCyw7oIZalTvrDJOsD703U3Q,UC8gCwZPoh3Vza-pGZAA8E0w,UCIEYAtvhx3RjGYgy_TZr2Jw]","[[0], [0], [0]]"
1476,Innsbruck,[],,Austria,AUT,[s0YdAPD--h0],"[[34], [1472], [3392], [6769], [0], [63], [10], [24, 1245, 1717], [0]]","[[1732], [1657], [3545], [7133], [1075], [1192], [646], [1100, 1690, 2289], [1799]]","[0,0,0,0,0,0,0,0,0]","[5042025,24062025,19062025,14062025,2082024,17022024,28082022,17092022,17112024]","[UCBcVQr-07MH-p9e2kRTdB3A,UCvFtSzj8mi3EKaf5Da7zLiQ,UCvFtSzj8mi3EKaf5Da7zLiQ,UCvFtSzj8mi3EKaf5Da7zLiQ,UCvFtSzj8mi3EKaf5Da7zLiQ,UCtNP3HfnQIZX9j9D12ek8VQ,UCH3rnEYxR0GuTwYisGLa32g,UCHhqou8CmYuktpXZN0H91xA,UCIEYAtvhx3RjGYgy_TZr2Jw]","[[0], [0], [0], [0], [0], [0], [0], [0, 0, 1], [0]]"
1477,Stuttgart,[],,Germany,DEU,[h7m33Tuh7tk],"[[35], [0], [0], [0]]","[[2277], [1021], [1799], [2400]]","[0,0,0,0]","[2042025,21122022,16092023,9102021]","[UCBcVQr-07MH-p9e2kRTdB3A,UCCwHms95AH2uH3TYLq6vEgw,UC8gCwZPoh3Vza-pGZAA8E0w,UCIEYAtvhx3RjGYgy_TZr2Jw]","[[0], [0], [0], [0]]"
1658,Figueira da Foz,[],,Portugal,PRT,[mvdL9eR4dUE],"[[78], [0], [0]]","[[2930], [1799], [1817]]","[0,0,2]","[10022022,28092024,5062025]","[UCjHIDjcJxVVRW4VOIG7g8xA,UC8gCwZPoh3Vza-pGZAA8E0w,UCIEYAtvhx3RjGYgy_TZr2Jw]","[[0], [0], [0]]"
1776,Gibraltar,[],,Gibraltar,GIB,[EiLI1moIhrM],"[[1165], [18], [1160], [65, 2415], [0], [0], [0], [35, 1520], [16, 194, 457, 794], [18], [60, 661], [510], [0], [0], [260], [0], [0], [0]]","[[1415], [2353], [1444], [2414, 3435], [2563], [1753], [1242], [1378, 1968], [124, 335, 678, 1234], [1626], [556, 1304], [1470], [642], [357], [1237], [1286], [1799], [1835]]","[0,0,3,0,0,0,0,0,0,0,0,0,0,0,0,0,0,0]","[13052021,9022021,10092020,30012024,29122022,6102024,21082021,17072021,21032023,13052021,25052018,29122024,5082024,5052024,20062023,28062021,26062025,5022025]","[UCPepw8dg3wdna7NwGjiWUVA,UCg1sAFKjbgemJnIODXe_2BQ,UCSH6y1dRZG34RSQGalC28kQ,UCkAqceWqlkfxkIYEKhtXIUA,UCp6a3CcxLN22PdXYagT9kRA,UCPepw8dg3wdna7NwGjiWUVA,UCbDYnWhlN-1Eo0FfegVWxnA,UChdLuthl7VVkM1DZhfFivsA,UCsaHEEyZCmdiMcl1e_KPkXg,UCPepw8dg3wdna7NwGjiWUVA,UCyp6hk0myqcqUz-UBnX2E6A,UCPepw8dg3wdna7NwGjiWUVA,UCPepw8dg3wdna7NwGjiWUVA,UCPepw8dg3wdna7NwGjiWUVA,UCPepw8dg3wdna7NwGjiWUVA,UCPepw8dg3wdna7NwGjiWUVA,UC8gCwZPoh3Vza-pGZAA8E0w,UCIEYAtvhx3RjGYgy_TZr2Jw]","[[0], [0], [0], [0, 1], [0], [0], [0], [0, 0], [0, 0, 0, 0], [0], [0, 0], [0], [0], [0], [0], [0], [0], [0]]"
1919,Nice,[],,France,FRA,[0O3va4UKHLE],"[[0], [2134], [60], [1350], [0], [6], [20], [6, 815], [10], [0], [15, 378], [313], [0], [0], [0], [0], [0], [0], [0], [10], [30], [30], [30], [0], [0]]","[[2699], [2783], [1882], [2299], [4127], [1369], [7408], [422, 1241], [665], [1299], [377, 826], [582], [637], [886], [1708], [1403], [1701], [1368], [2226], [2240], [1783], [2232], [3099], [1799], [1799]]","[0,0,0,0,0,0,0,0,0,0,0,0,0,0,0,0,0,0,0,0,0,0,0,0,0]","[16092021,6092021,20112024,1122024,13112024,6082024,13112023,20092023,4012023,18112022,13102022,24092022,2092022,29082022,24082022,23082022,22082022,22082022,2042023,11082021,20012022,2042020,3042017,2012025,2082024]","[UCk0xpfrrpSZJF1qJtIun4hg,UCk0xpfrrpSZJF1qJtIun4hg,UCcwGwvM5iPB9IvtTnMTVcEg,UCL0jwSQFFm_GrfBBPAFsnqQ,UCgk6XhaelDlSGTOaKaFej0Q,UCgk6XhaelDlSGTOaKaFej0Q,UCgk6XhaelDlSGTOaKaFej0Q,UCgk6XhaelDlSGTOaKaFej0Q,UCgk6XhaelDlSGTOaKaFej0Q,UCgk6XhaelDlSGTOaKaFej0Q,UCgk6XhaelDlSGTOaKaFej0Q,UCgk6XhaelDlSGTOaKaFej0Q,UCgk6XhaelDlSGTOaKaFej0Q,UCgk6XhaelDlSGTOaKaFej0Q,UCgk6XhaelDlSGTOaKaFej0Q,UCgk6XhaelDlSGTOaKaFej0Q,UCgk6XhaelDlSGTOaKaFej0Q,UCgk6XhaelDlSGTOaKaFej0Q,UCOG_imhDwtvT4Bxy4J_vItg,UCrZx1iHMpaLoI3nDaLf0_QA,UCE9THn93-ioOyKQIg6EHo2Q,UCE9THn93-ioOyKQIg6EHo2Q,UCTIQueqtda_SGktoYWQIblA,UC8gCwZPoh3Vza-pGZAA8E0w,UCIEYAtvhx3RjGYgy_TZr2Jw]","[[0], [0], [0], [0], [0], [0], [0], [0, 0], [0], [0], [0, 1], [0], [0], [0], [0], [0], [0], [0], [0], [0], [0], [0], [1], [0], [0]]"
1923,Stara Zagora,[],,Bulgaria,BGR,[i0nzuOd4WgI],"[[0], [0]]","[[1799], [1799]]","[0,0]","[1072023,6102023]","[UC8gCwZPoh3Vza-pGZAA8E0w,UCIEYAtvhx3RjGYgy_TZr2Jw]","[[0], [0]]"
1924,Burgas,[],,Bulgaria,BGR,[cTYZTY2pvpw],"[[0], [21], [0]]","[[1799], [2388], [1798]]","[0,0,0]","[15072023,21072024,15052024]","[UC8gCwZPoh3Vza-pGZAA8E0w,UCAOHCj4SRex8vXqoGf5EE9A,UCIEYAtvhx3RjGYgy_TZr2Jw]","[[0], [0], [0]]"
1927,BraÈov,[Brasov],,Romania,ROU,[rEoYatKx3yA],"[[9, 3412], [25], [37], [6593], [7919], [0], [0]]","[[180, 3527], [1342], [820], [6932], [7996], [1799], [1800]]","[0,0,0,0,0,0,0]","[9072020,17122022,31122022,2052022,3062023,29072023,30092022]","[UCn2xMJoT2sdW8H3qCJzI4wQ,UCXDaH0VYahdSKj1QzFi_2WA,UCXDaH0VYahdSKj1QzFi_2WA,UCaAlrRQ1jgTEVht2-zcCTCg,UC8_7cWET-AU1lUFc5OELpRQ,UC8gCwZPoh3Vza-pGZAA8E0w,UCIEYAtvhx3RjGYgy_TZr2Jw]","[[0, 0], [0], [1], [0], [0], [0], [0]]"
2009,GÃ¶teborg,"[Goteborg,Gothenburg]",,Sweden,SWE,[o1LPm2saUuo],"[[10], [306], [4], [6], [4, 660], [6], [8, 7], [7], [684], [7], [1045], [7], [51], [0, 947], [0], [0], [0, 453], [6], [7], [7], [7], [7], [8], [5], [7], [7], [7], [65], [8], [10], [0], [0], [0], [280], [0]]","[[570], [1077], [600], [340], [403, 980], [630], [135, 135], [240], [1508], [1097], [1294], [1403], [681], [205, 1029], [468], [386], [390, 889], [1854], [819], [2020], [1095], [1142], [593], [386], [353], [520], [780], [3645], [767], [546], [1113], [735], [698], [8628], [1798]]","[0,0,0,0,0,0,0,0,0,0,0,0,0,0,0,0,0,0,0,0,0,0,0,0,0,0,0,0,0,0,0,0,0,0,0]","[1092024,28082024,11012025,24082024,7102024,5102024,26012025,3112024,28022025,2022025,28012025,20092024,13102020,13102020,19102020,19102020,18102020,25062024,4072024,7072024,14072024,14072024,17072024,22072024,6082024,10082024,7092024,19072025,27112024,23112024,17112024,5112024,2112024,1112024,28072022]","[UCR3WlBEuZ_q7rc3w3EvQDbw,UCR3WlBEuZ_q7rc3w3EvQDbw,UCR3WlBEuZ_q7rc3w3EvQDbw,UCR3WlBEuZ_q7rc3w3EvQDbw,UCR3WlBEuZ_q7rc3w3EvQDbw,UCR3WlBEuZ_q7rc3w3EvQDbw,UCR3WlBEuZ_q7rc3w3EvQDbw,UCR3WlBEuZ_q7rc3w3EvQDbw,UCR3WlBEuZ_q7rc3w3EvQDbw,UCR3WlBEuZ_q7rc3w3EvQDbw,UCR3WlBEuZ_q7rc3w3EvQDbw,UCR3WlBEuZ_q7rc3w3EvQDbw,UCUcaCcHoBDZ2PLK2vY2tpgw,UCUcaCcHoBDZ2PLK2vY2tpgw,UCUcaCcHoBDZ2PLK2vY2tpgw,UCUcaCcHoBDZ2PLK2vY2tpgw,UCUcaCcHoBDZ2PLK2vY2tpgw,UCR3WlBEuZ_q7rc3w3EvQDbw,UCR3WlBEuZ_q7rc3w3EvQDbw,UCR3WlBEuZ_q7rc3w3EvQDbw,UCR3WlBEuZ_q7rc3w3EvQDbw,UCR3WlBEuZ_q7rc3w3EvQDbw,UCR3WlBEuZ_q7rc3w3EvQDbw,UCR3WlBEuZ_q7rc3w3EvQDbw,UCR3WlBEuZ_q7rc3w3EvQDbw,UCR3WlBEuZ_q7rc3w3EvQDbw,UCR3WlBEuZ_q7rc3w3EvQDbw,UC3Eauw3W60Nt5dGOeMYX_Nw,UC3Eauw3W60Nt5dGOeMYX_Nw,UC3Eauw3W60Nt5dGOeMYX_Nw,UC3Eauw3W60Nt5dGOeMYX_Nw,UC3Eauw3W60Nt5dGOeMYX_Nw,UC3Eauw3W60Nt5dGOeMYX_Nw,UCKe92r0SA2CO_36AJhH-aHA,UCIEYAtvhx3RjGYgy_TZr2Jw]","[[0], [0], [0], [0], [0, 0], [0], [0, 0], [0], [0], [0], [0], [0], [0], [0, 0], [0], [0], [0, 0], [0], [0], [0], [0], [0], [0], [0], [0], [0], [0], [0], [0], [0], [1], [1], [0], [0], [0]]"
2304,Augsburg,[],,Germany,DEU,[BOawU-1ng6A],"[[665], [0]]","[[987], [1799]]","[0,0]","[19062025,26082023]","[UCl-an6DC2xtt1Achzvo6crw,UCIEYAtvhx3RjGYgy_TZr2Jw]","[[0], [0]]"
2331,Salzburg,[],,Austria,AUT,[GWQCOCBTvOQ],"[[4210], [38], [125], [0]]","[[5658], [392], [4155], [1799]]","[0,0,0,0]","[22062025,4072025,11052025,8122023]","[UCcwGwvM5iPB9IvtTnMTVcEg,UC0S684s0nQdorj45mEukHRg,UCnE3aVwoqOABeJM0s8qta-g,UCIEYAtvhx3RjGYgy_TZr2Jw]","[[0], [0], [0], [0]]"
2337,Marseille,[],,France,FRA,[KMAoAIt_wSM],"[[11], [100], [2330], [0], [0], [0], [0, 747], [0], [0], [0], [0, 190], [0], [20], [0], [0], [17], [0], [0], [0], [0], [30], [0], [0]]","[[3403], [3350], [2596], [1813], [1546], [2115], [673, 1451], [1257], [1429], [867], [110, 1035], [1002], [702], [1071], [1798], [2081], [1014], [1319], [1358], [1359], [2539], [1799], [1800]]","[0,0,0,0,0,0,0,0,0,0,0,0,0,0,0,0,0,0,0,0,0,0,0]","[19032022,13032022,1042023,14012023,13012023,11012023,16092022,11092022,10092022,10092022,10092022,11112021,9112021,24102021,23102021,22102021,29082021,20082023,2082023,1082023,1012021,14092024,6032025]","[UCOTltJnsvy8V9ku46nARF6w,UCOTltJnsvy8V9ku46nARF6w,UCrk91G7NWBjZGUotEVCCmJg,UCgk6XhaelDlSGTOaKaFej0Q,UCgk6XhaelDlSGTOaKaFej0Q,UCgk6XhaelDlSGTOaKaFej0Q,UCgk6XhaelDlSGTOaKaFej0Q,UCgk6XhaelDlSGTOaKaFej0Q,UCgk6XhaelDlSGTOaKaFej0Q,UCgk6XhaelDlSGTOaKaFej0Q,UCgk6XhaelDlSGTOaKaFej0Q,UCgk6XhaelDlSGTOaKaFej0Q,UCgk6XhaelDlSGTOaKaFej0Q,UCgk6XhaelDlSGTOaKaFej0Q,UCgk6XhaelDlSGTOaKaFej0Q,UCgk6XhaelDlSGTOaKaFej0Q,UCgk6XhaelDlSGTOaKaFej0Q,UCH3rnEYxR0GuTwYisGLa32g,UCH3rnEYxR0GuTwYisGLa32g,UCH3rnEYxR0GuTwYisGLa32g,UCE9THn93-ioOyKQIg6EHo2Q,UC8gCwZPoh3Vza-pGZAA8E0w,UCIEYAtvhx3RjGYgy_TZr2Jw]","[[0], [0], [0], [0], [0], [0], [0, 0], [0], [0], [0], [0, 0], [0], [0], [0], [0], [0], [0], [0], [0], [0], [0], [0], [0]]"
2338,Montpellier,[],,France,FRA,[C6U3O3UCNPM],"[[320], [0], [0], [0], [0], [0], [10], [10], [10, 1262], [0], [0], [70], [30], [0], [0]]","[[4282], [1376], [1604], [2173], [3820], [3093], [4694], [3150], [1111, 1787], [1069], [3008], [4532], [1220], [1799], [1831]]","[0,0,0,0,0,0,0,0,0,0,0,0,0,0,0]","[23022022,26092021,29032023,24052025,4012025,31102024,7102024,5102024,29082024,28092021,26092021,13102024,13122020,19102024,9042025]","[UCOTltJnsvy8V9ku46nARF6w,UCgk6XhaelDlSGTOaKaFej0Q,UCrk91G7NWBjZGUotEVCCmJg,UCgk6XhaelDlSGTOaKaFej0Q,UCgk6XhaelDlSGTOaKaFej0Q,UCgk6XhaelDlSGTOaKaFej0Q,UCgk6XhaelDlSGTOaKaFej0Q,UCgk6XhaelDlSGTOaKaFej0Q,UCgk6XhaelDlSGTOaKaFej0Q,UCgk6XhaelDlSGTOaKaFej0Q,UCgk6XhaelDlSGTOaKaFej0Q,UCHhqou8CmYuktpXZN0H91xA,UCE9THn93-ioOyKQIg6EHo2Q,UC8gCwZPoh3Vza-pGZAA8E0w,UCIEYAtvhx3RjGYgy_TZr2Jw]","[[0], [0], [0], [0], [0], [0], [0], [0], [0, 0], [0], [0], [0], [0], [0], [0]]"
2339,Lyon,[],,France,FRA,[UnbWcklTRw4],"[[90], [310], [0], [37], [0], [0], [2], [10], [0], [361], [0], [0], [0], [0], [50], [0], [0], [0], [0], [1070], [33, 1438], [57], [30, 426], [0], [0]]","[[3866], [3662], [1253], [430], [1484], [886], [2730], [1344], [470], [624], [759], [710], [1407], [875], [1030], [220], [3203], [1945], [1669], [9298], [942, 3980], [1828], [425, 1180], [1800], [1799]]","[0,0,0,0,0,0,0,0,0,0,0,0,0,0,0,0,0,0,0,0,0,0,0,0,0]","[17082021,23082021,31052025,7112020,16042023,10082025,8082025,24022023,21082022,20082022,19082022,19082022,18082022,18082022,17082022,9082022,22092021,21092021,21082021,24012025,29012021,20022020,9012021,15112024,1022025]","[UCOTltJnsvy8V9ku46nARF6w,UCOTltJnsvy8V9ku46nARF6w,UCIqNNy35XUthGde0bcqo6mw,UCybykuc_xad-k0LMP6cY50g,UCrk91G7NWBjZGUotEVCCmJg,UCgk6XhaelDlSGTOaKaFej0Q,UCgk6XhaelDlSGTOaKaFej0Q,UCgk6XhaelDlSGTOaKaFej0Q,UCgk6XhaelDlSGTOaKaFej0Q,UCgk6XhaelDlSGTOaKaFej0Q,UCgk6XhaelDlSGTOaKaFej0Q,UCgk6XhaelDlSGTOaKaFej0Q,UCgk6XhaelDlSGTOaKaFej0Q,UCgk6XhaelDlSGTOaKaFej0Q,UCgk6XhaelDlSGTOaKaFej0Q,UCgk6XhaelDlSGTOaKaFej0Q,UCgk6XhaelDlSGTOaKaFej0Q,UCgk6XhaelDlSGTOaKaFej0Q,UCgk6XhaelDlSGTOaKaFej0Q,UCKe92r0SA2CO_36AJhH-aHA,UCHhqou8CmYuktpXZN0H91xA,UCE9THn93-ioOyKQIg6EHo2Q,UCE9THn93-ioOyKQIg6EHo2Q,UC8gCwZPoh3Vza-pGZAA8E0w,UCIEYAtvhx3RjGYgy_TZr2Jw]","[[0], [0], [0], [0], [0], [0], [0], [0], [0], [0], [0], [0], [0], [0], [0], [0], [0], [0], [0], [0], [0, 0], [0], [0, 1], [0], [0]]"
2376,Sanremo,[],,Italy,ITA,"[XB8c5HlDYo4,xdxG5JJHabE]","[[6411], [0], [0], [0]]","[[7074], [1799], [1338], [1799]]","[0,0,0,0]","[11122024,4062025,28012025,23112024]","[UCcwGwvM5iPB9IvtTnMTVcEg,UC8gCwZPoh3Vza-pGZAA8E0w,UCIEYAtvhx3RjGYgy_TZr2Jw,UCIEYAtvhx3RjGYgy_TZr2Jw]","[[0], [0], [0], [0]]"
2393,Scheveningen,[],,Netherlands,NLD,[Shp9_cJA-Zw],"[[0],[0],[0]]","[[1599],[1396],[1143]]","[0,0,0]","[24012025,16122024,28012025]","[UCSXSCzMyK5RZ9j1HbO9Fubg,UCSXSCzMyK5RZ9j1HbO9Fubg,UCSXSCzMyK5RZ9j1HbO9Fubg]","[[0],[0],[0]]"
2488,Linz,[],,Austria,AUT,[orLp4Tmrp6o],"[[0], [32], [0], [0]]","[[648], [1099], [518], [1799]]","[0,0,0,0]","[25062023,28012022,30042022,22122023]","[UCnACiEs-ATKaHazmzVHGarw,UCuEWmCGd4_nKQnC3VUuNxPg,UCaAlrRQ1jgTEVht2-zcCTCg,UCIEYAtvhx3RjGYgy_TZr2Jw]","[[0], [0], [0], [0]]"
2715,Nagasaki,[],Nagasaki,Japan,JPN,[S7ZtUddvyE8],"[[183], [0]]","[[1129], [522]]","[0,0]","[20022024,10012019]","[UCcPt-yHMHFo6zxQqDMDMxPw,UCQMH3-SWTynW3pDNV4gG9gw]","[[0], [0]]"
2749,Granada,[],,Spain,ESP,[lOtnbtXq5Oc],"[[2620], [475], [0], [0], [55], [0], [0]]","[[3896], [1120], [1358], [536], [461], [1799], [1799]]","[0,0,0,0,0,0,0]","[26092022,26022023,15092022,14092022,12092022,1022025,20062025]","[UCd2Ww9pkPwP4JSPzCyFBcBg,UCrk91G7NWBjZGUotEVCCmJg,UCH3rnEYxR0GuTwYisGLa32g,UCH3rnEYxR0GuTwYisGLa32g,UCH3rnEYxR0GuTwYisGLa32g,UC8gCwZPoh3Vza-pGZAA8E0w,UCIEYAtvhx3RjGYgy_TZr2Jw]","[[0], [0], [0], [0], [0], [0], [0]]"
2897,Shimabara,[],Nagasaki,Japan,JPN,[oruHYvxlYpw],"[[1435], [0]]","[[1560], [399]]","[0,0]","[10082023,24022019]","[UC9q-xm5o_9otkJsxpOnOQpw,UCQMH3-SWTynW3pDNV4gG9gw]","[[0], [0]]"
3024,Cadiz,[],,Spain,ESP,[9wzwrj-Tg9Q],"[[445], [0], [0], [140]]","[[987], [1799], [1799], [1799]]","[0,0,0,0]","[17022023,18062025,23082024,12032025]","[UCrk91G7NWBjZGUotEVCCmJg,UC8gCwZPoh3Vza-pGZAA8E0w,UC8gCwZPoh3Vza-pGZAA8E0w,UCIEYAtvhx3RjGYgy_TZr2Jw]","[[0], [0], [0], [0]]"
3025,MÃ¡laga,[Malaga],,Spain,ESP,"[xYKSSolqRF8,r5TpXLLTCt8]","[[10], [30], [0], [0], [0]]","[[2425], [3008], [1799], [1801], [1500]]","[0,0,0,0,0]","[21022023,16112022,25022025,31052025,29052025]","[UCrk91G7NWBjZGUotEVCCmJg,UC5alw9-AiO1eMi382t92hWQ,UC8gCwZPoh3Vza-pGZAA8E0w,UCIEYAtvhx3RjGYgy_TZr2Jw,UCIEYAtvhx3RjGYgy_TZr2Jw]","[[0], [0], [0], [0], [0]]"
3182,Murcia,[],,Spain,ESP,[RBtc7HFf_yk],"[[0], [0], [0]]","[[230], [1799], [1815]]","[0,0,0]","[16042024,2102025,3102024]","[UC83z7kW2SpYD3ce3VQS0eSg,UC8gCwZPoh3Vza-pGZAA8E0w,UCIEYAtvhx3RjGYgy_TZr2Jw]","[[0], [0], [0]]"
3965,Marbella,[],,Spain,ESP,[c6e2YgXtERg],"[[10], [0], [0]]","[[2862], [1799], [1799]]","[0,0,0]","[8102022,29052025,6092024]","[UC5alw9-AiO1eMi382t92hWQ,UC8gCwZPoh3Vza-pGZAA8E0w,UCIEYAtvhx3RjGYgy_TZr2Jw]","[[0], [0], [0]]"
4053,Pontevedra,[],,Spain,ESP,[yTNI8WPvnV8],"[[0], [0], [0], [0], [0], [0]]","[[682], [329], [421], [1325], [1799], [1800]]","[0,0,0,0,0,0]","[29062023,25052023,16052023,5102022,2042025,19092025]","[UC-2Hv0Cu4j-M1Tn51s7UlhQ,UC-2Hv0Cu4j-M1Tn51s7UlhQ,UC-2Hv0Cu4j-M1Tn51s7UlhQ,UC-2Hv0Cu4j-M1Tn51s7UlhQ,UC8gCwZPoh3Vza-pGZAA8E0w,UCIEYAtvhx3RjGYgy_TZr2Jw]","[[0], [0], [0], [0], [0], [0]]"
4054,Vigo,[],,Spain,ESP,"[CewwUT4TWT0,uIPM5zyvO50]","[[0], [0], [0], [0]]","[[815], [1799], [1799], [1807]]","[0,0,0,0]","[24042023,6092025,5112025,26072025]","[UC-2Hv0Cu4j-M1Tn51s7UlhQ,UC8gCwZPoh3Vza-pGZAA8E0w,UCIEYAtvhx3RjGYgy_TZr2Jw,UCIEYAtvhx3RjGYgy_TZr2Jw]","[[0], [0], [0], [0]]"
4178,Perpignan,[],,France,FRA,[HT-L-Xs9fPw],"[[10], [850], [0], [10], [411, 1971], [11], [405, 1041], [6], [200], [6], [60], [775], [0, 388], [0, 651], [0], [0], [0], [0], [0], [0], [0], [0, 205], [0], [15], [0], [6], [10], [430], [10], [0], [0], [5], [6], [0], [16], [0], [0]]","[[707], [1888], [1512], [3420], [1970, 2198], [2460], [1040, 1404], [1038], [795], [1303], [3030], [1182], [387, 1702], [255, 1399], [1271], [710], [805], [1421], [1271], [1194], [2306], [204, 1963], [1234], [999], [739], [600], [770], [690], [829], [725], [724], [675], [706], [650], [694], [1799], [1799]]","[0,0,0,0,0,0,0,0,0,0,0,0,0,0,0,0,0,0,0,0,0,0,0,0,0,0,0,0,0,0,0,0,0,0,0,0,0]","[21072020,2092025,12042025,31082024,13032024,26102023,19102023,8102023,7102023,5092023,5102022,21092022,17092022,6092022,3092022,29082022,28082022,28082022,28082022,26082022,8112021,31102021,22102021,21062021,8012021,9092020,16082020,16082020,12082020,10082020,10082020,10082020,10082020,30072020,22072020,31012025,22102025]","[UCgk6XhaelDlSGTOaKaFej0Q,UCgk6XhaelDlSGTOaKaFej0Q,UCgk6XhaelDlSGTOaKaFej0Q,UCgk6XhaelDlSGTOaKaFej0Q,UCgk6XhaelDlSGTOaKaFej0Q,UCgk6XhaelDlSGTOaKaFej0Q,UCgk6XhaelDlSGTOaKaFej0Q,UCgk6XhaelDlSGTOaKaFej0Q,UCgk6XhaelDlSGTOaKaFej0Q,UCgk6XhaelDlSGTOaKaFej0Q,UCgk6XhaelDlSGTOaKaFej0Q,UCgk6XhaelDlSGTOaKaFej0Q,UCgk6XhaelDlSGTOaKaFej0Q,UCgk6XhaelDlSGTOaKaFej0Q,UCgk6XhaelDlSGTOaKaFej0Q,UCgk6XhaelDlSGTOaKaFej0Q,UCgk6XhaelDlSGTOaKaFej0Q,UCgk6XhaelDlSGTOaKaFej0Q,UCgk6XhaelDlSGTOaKaFej0Q,UCgk6XhaelDlSGTOaKaFej0Q,UCgk6XhaelDlSGTOaKaFej0Q,UCgk6XhaelDlSGTOaKaFej0Q,UCgk6XhaelDlSGTOaKaFej0Q,UCgk6XhaelDlSGTOaKaFej0Q,UCgk6XhaelDlSGTOaKaFej0Q,UCgk6XhaelDlSGTOaKaFej0Q,UCgk6XhaelDlSGTOaKaFej0Q,UCgk6XhaelDlSGTOaKaFej0Q,UCgk6XhaelDlSGTOaKaFej0Q,UCgk6XhaelDlSGTOaKaFej0Q,UCgk6XhaelDlSGTOaKaFej0Q,UCgk6XhaelDlSGTOaKaFej0Q,UCgk6XhaelDlSGTOaKaFej0Q,UCgk6XhaelDlSGTOaKaFej0Q,UCgk6XhaelDlSGTOaKaFej0Q,UC8gCwZPoh3Vza-pGZAA8E0w,UCIEYAtvhx3RjGYgy_TZr2Jw]","[[0], [0], [0], [0], [0, 1], [0], [0, 1], [0], [0], [1], [0], [0], [0, 1], [0, 0], [0], [0], [0], [0], [0], [0], [0], [0, 1], [0], [0], [0], [0], [0], [0], [0], [0], [0], [0], [0], [0], [0], [0], [0]]"
4191,Nimes,[NÃ®mes],,France,FRA,[XHV50cKhgyY],"[[0], [10], [0], [0], [0], [0], [0]]","[[2330], [3118], [2317], [1361], [1232], [1799], [1858]]","[0,0,0,0,0,0,0]","[12102025,31082025,6092021,3092021,2092021,8082025,27092024]","[UCgk6XhaelDlSGTOaKaFej0Q,UCgk6XhaelDlSGTOaKaFej0Q,UCgk6XhaelDlSGTOaKaFej0Q,UCgk6XhaelDlSGTOaKaFej0Q,UCgk6XhaelDlSGTOaKaFej0Q,UC8gCwZPoh3Vza-pGZAA8E0w,UCIEYAtvhx3RjGYgy_TZr2Jw]","[[0], [0], [0], [0], [0], [0], [0]]"
4201,Girona,[],,Spain,ESP,[6wrPjV_ArOM],"[[0], [0], [0], [0]]","[[3587], [3650], [1799], [1825]]","[0,0,0,0]","[22052025,10102024,12112025,17122024]","[UCgk6XhaelDlSGTOaKaFej0Q,UCgk6XhaelDlSGTOaKaFej0Q,UC8gCwZPoh3Vza-pGZAA8E0w,UCIEYAtvhx3RjGYgy_TZr2Jw]","[[0], [0], [0], [0]]"
4238,BÃ©ziers,[Beziers],,France,FRA,[eHfpcNXxWTU],"[[6, 2305], [6], [10], [6], [0], [0]]","[[2040, 3815], [1175], [1461], [1176], [1799], [1810]]","[0,0,0,0,0,0]","[25112023,14092023,13092023,12092023,10122024,7052025]","[UCgk6XhaelDlSGTOaKaFej0Q,UCgk6XhaelDlSGTOaKaFej0Q,UCgk6XhaelDlSGTOaKaFej0Q,UCgk6XhaelDlSGTOaKaFej0Q,UC8gCwZPoh3Vza-pGZAA8E0w,UCIEYAtvhx3RjGYgy_TZr2Jw]","[[0, 0], [0], [0], [0], [0], [0]]"
4249,Dijon,[],,France,FRA,[dxJJJFbhVxY],"[[0], [258], [10], [0, 475, 820], [0], [0], [0], [0], [0]]","[[1062], [875], [1097], [230, 670, 1203], [1058], [1031], [1097], [1799], [1800]]","[0,0,0,0,0,0,0,0,0]","[24062023,23062023,22062023,21062023,21062023,20062023,19062023,2072025,4012025]","[UCgk6XhaelDlSGTOaKaFej0Q,UCgk6XhaelDlSGTOaKaFej0Q,UCgk6XhaelDlSGTOaKaFej0Q,UCgk6XhaelDlSGTOaKaFej0Q,UCgk6XhaelDlSGTOaKaFej0Q,UCgk6XhaelDlSGTOaKaFej0Q,UCgk6XhaelDlSGTOaKaFej0Q,UC8gCwZPoh3Vza-pGZAA8E0w,UCIEYAtvhx3RjGYgy_TZr2Jw]","[[0], [0], [0], [0, 0, 0], [0], [0], [0], [0], [0]]"
4344,Avignon,[],,France,FRA,[ZjQ8gMsB_1A],"[[0], [0], [0]]","[[1168], [1799], [1800]]","[0,0,0]","[24082021,12062025,13122024]","[UCgk6XhaelDlSGTOaKaFej0Q,UC8gCwZPoh3Vza-pGZAA8E0w,UCIEYAtvhx3RjGYgy_TZr2Jw]","[[0], [0], [0]]"
4386,CastellÃ³n de la Plana,[Castellon de la Plana],,Spain,ESP,[J44m6jWJcxs],"[[75], [0], [0]]","[[429], [1799], [1800]]","[0,0,0]","[12092022,29102025,1112024]","[UCH3rnEYxR0GuTwYisGLa32g,UC8gCwZPoh3Vza-pGZAA8E0w,UCIEYAtvhx3RjGYgy_TZr2Jw]","[[0], [0], [0]]"
4443,Noto,[],,Italy,ITA,[KlfHHLRE3hM],"[[2440], [30]]","[[2485], [3998]]","[0,0]","[27022024,19042025]","[UCsaHEEyZCmdiMcl1e_KPkXg,UCAhkUEDfztvmwDvEYeTB88g]","[[0], [0]]"
4467,Lugo,[],,Spain,ESP,[_596HwruDgQ],"[[0], [0]]","[[1799], [1741]]","[0,0]","[26112025,24082025]","[UC8gCwZPoh3Vza-pGZAA8E0w,UCIEYAtvhx3RjGYgy_TZr2Jw]","[[0], [0]]"
4468,Cartagena,[],,Spain,ESP,"[bVFDlEk98rs,xUX0BHJwbWo]","[[0], [0], [1465]]","[[1799], [1799], [1800]]","[0,0,0]","[15102025,8122024,6122024]","[UC8gCwZPoh3Vza-pGZAA8E0w,UCIEYAtvhx3RjGYgy_TZr2Jw,UCIEYAtvhx3RjGYgy_TZr2Jw]","[[0], [0], [0]]"
4469,GijÃ³n,[Gijon],,Spain,ESP,[Hbrc9kZs3hM],"[[0], [0]]","[[1799], [1813]]","[0,0]","[14082025,27032025]","[UC8gCwZPoh3Vza-pGZAA8E0w,UCIEYAtvhx3RjGYgy_TZr2Jw]","[[0], [0]]"
4470,Benidorm,[],,Spain,ESP,[1b_OSbkVMGw],"[[0], [140]]","[[1799], [1800]]","[0,0]","[25072025,1102025]","[UC8gCwZPoh3Vza-pGZAA8E0w,UCIEYAtvhx3RjGYgy_TZr2Jw]","[[0], [0]]"
4471,Jerez de la Frontera,[Jerez],,Spain,ESP,[vnpvKZZoRjc],"[[0], [0]]","[[1800], [1834]]","[0,0]","[16052025,3072025]","[UC8gCwZPoh3Vza-pGZAA8E0w,UCIEYAtvhx3RjGYgy_TZr2Jw]","[[0], [0]]"
4472,Algeciras,[],,Spain,ESP,[GCyAIXmE9Tc],"[[0], [0]]","[[1799], [1800]]","[0,0]","[9052025,9012025]","[UC8gCwZPoh3Vza-pGZAA8E0w,UCIEYAtvhx3RjGYgy_TZr2Jw]","[[0], [0]]"
4474,Santander,[],,Spain,ESP,[LS0hVG2S_vI],"[[0], [0]]","[[1800], [1823]]","[0,0]","[16042025,15082025]","[UC8gCwZPoh3Vza-pGZAA8E0w,UCIEYAtvhx3RjGYgy_TZr2Jw]","[[0], [0]]"
4475,A CoruÃ±a,[A Coruna],,Spain,ESP,[NIlcGs51khE],"[[0], [0]]","[[1800], [1850]]","[0,0]","[26032025,18072025]","[UC8gCwZPoh3Vza-pGZAA8E0w,UCIEYAtvhx3RjGYgy_TZr2Jw]","[[0], [0]]"
4476,Pau,[],,France,FRA,[q1gjhTKipes],"[[0], [0]]","[[1799], [1800]]","[0,0]","[18032025,1082025]","[UC8gCwZPoh3Vza-pGZAA8E0w,UCIEYAtvhx3RjGYgy_TZr2Jw]","[[0], [0]]"
4477,Huelva,[],,Spain,ESP,[RkSc8af7rXc],"[[0], [0]]","[[1799], [1799]]","[0,0]","[9012025,15052025]","[UC8gCwZPoh3Vza-pGZAA8E0w,UCIEYAtvhx3RjGYgy_TZr2Jw]","[[0], [0]]"
4478,Guimaraes,[],,Portugal,PRT,[bWfi3cx4EOM],"[[0], [0]]","[[1799], [1877]]","[0,0]","[29112024,11102024]","[UC8gCwZPoh3Vza-pGZAA8E0w,UCIEYAtvhx3RjGYgy_TZr2Jw]","[[0], [0]]"
4479,Braga,[],,Portugal,PRT,[jbtKh5MgqJ4],"[[0], [0]]","[[1799], [1817]]","[0,0]","[30102024,23042025]","[UC8gCwZPoh3Vza-pGZAA8E0w,UCIEYAtvhx3RjGYgy_TZr2Jw]","[[0], [0]]"
4480,Oviedo,[],,Spain,ESP,[fzANSYPGW1k],"[[0], [0]]","[[1799], [1812]]","[0,0]","[20072024,3042025]","[UC8gCwZPoh3Vza-pGZAA8E0w,UCIEYAtvhx3RjGYgy_TZr2Jw]","[[0], [0]]"
4481,Pforzheim,[],,Germany,DEU,[pL7g-QEiRCQ],"[[0], [0]]","[[1679], [2341]]","[0,0]","[6072024,26102021]","[UC8gCwZPoh3Vza-pGZAA8E0w,UCIEYAtvhx3RjGYgy_TZr2Jw]","[[0], [0]]"
4482,Nuremberg,[NÃ¼rnberg],,Germany,DEU,[Ny_N76GCT3U],"[[0], [0]]","[[1799], [1798]]","[0,0]","[22062024,18072024]","[UC8gCwZPoh3Vza-pGZAA8E0w,UCIEYAtvhx3RjGYgy_TZr2Jw]","[[0], [0]]"
4485,Cluj Napoca,[],,Romania,ROU,[PhDOJcS78pg],"[[0], [0]]","[[1798], [1799]]","[0,0]","[17022024,2072024]","[UC8gCwZPoh3Vza-pGZAA8E0w,UCIEYAtvhx3RjGYgy_TZr2Jw]","[[0], [0]]"
4488,Regensburg,[],,Germany,DEU,[6T2AlnPcgbM],"[[0], [0]]","[[1798], [1799]]","[0,0]","[9092023,14062024]","[UC8gCwZPoh3Vza-pGZAA8E0w,UCIEYAtvhx3RjGYgy_TZr2Jw]","[[0], [0]]"
4490,Ulm,[],,Germany,DEU,[4F86xEiOM5k],"[[0], [0]]","[[1798], [1459]]","[0,0]","[26082023,3102021]","[UC8gCwZPoh3Vza-pGZAA8E0w,UCIEYAtvhx3RjGYgy_TZr2Jw]","[[0], [0]]"
4492,Pitesti,[],,Romania,ROU,[dNOPXmHqfIE],"[[0], [0]]","[[1799], [1799]]","[0,0]","[9082023,1052024]","[UC8gCwZPoh3Vza-pGZAA8E0w,UCIEYAtvhx3RjGYgy_TZr2Jw]","[[0], [0]]"
4494,Patras,[],,Greece,GRC,[QhyrJJxE0zw],"[[0], [0]]","[[1859], [1749]]","[0,0]","[5072023,9092023]","[UC8gCwZPoh3Vza-pGZAA8E0w,UCIEYAtvhx3RjGYgy_TZr2Jw]","[[0], [0]]"
4495,Arad,[],,Romania,ROU,[R13ZkZnUjA4],"[[0], [0]]","[[1799], [1799]]","[0,0]","[28062023,21052023]","[UC8gCwZPoh3Vza-pGZAA8E0w,UCIEYAtvhx3RjGYgy_TZr2Jw]","[[0], [0]]"
4496,Ruse,[],,Bulgaria,BGR,[BeKJW1MC6zg],"[[0], [0]]","[[1798], [1819]]","[0,0]","[27052023,21022024]","[UC8gCwZPoh3Vza-pGZAA8E0w,UCIEYAtvhx3RjGYgy_TZr2Jw]","[[0], [0]]"
4498,San SebastiÃ¡n,"[Donostia,San Sebastian]",,Spain,ESP,[mHW2nmFIijc],[[0]],[[1815]],[0],[28082025],[UCIEYAtvhx3RjGYgy_TZr2Jw],[[0]]
4499,Biberach,"[Biberach an der RiÃ,Biberach an der Riss]",,Germany,DEU,[pwtPJE9SPoc],[[0]],[[1799]],[0],[09082025],[UCIEYAtvhx3RjGYgy_TZr2Jw],[[0]]
4500,Savona,[],,Italy,ITA,[mFIHIP5UeKw],[[0]],[[650]],[0],[24062025],[UCIEYAtvhx3RjGYgy_TZr2Jw],[[0]]
4501,Noli,[],,Italy,ITA,[mFIHIP5UeKw],[[1680]],[[1799]],[0],[24062025],[UCIEYAtvhx3RjGYgy_TZr2Jw],[[0]]
4502,Elche Elx,[],,Spain,ESP,[8waGMR0KqMs],[[0]],[[1799]],[0],[17042025],[UCIEYAtvhx3RjGYgy_TZr2Jw],[[0]]
4503,Andora,[],,Italy,ITA,[izFs4xMbn8M],[[0]],[[487]],[0],[14012025],[UCIEYAtvhx3RjGYgy_TZr2Jw],[[0]]
4504,Imperia,[],,Italy,ITA,[izFs4xMbn8M],[[1390]],[[1803]],[0],[14012025],[UCIEYAtvhx3RjGYgy_TZr2Jw],[[0]]
4505,AltÃ¶tting,[Altotting],,Germany,DEU,[b33KXioqECA],[[0]],[[1799]],[0],[10092024],[UCIEYAtvhx3RjGYgy_TZr2Jw],[[0]]
4506,San Luis de Sabinillas,[],,Spain,ESP,[FHIv7UUleh0],[[0]],[[310]],[0],[03092024],[UCIEYAtvhx3RjGYgy_TZr2Jw],[[0]]
4507,Almeria,[],,Spain,ESP,[qgZfjuBgorc],[[0]],[[1815]],[0],[09082024],[UCIEYAtvhx3RjGYgy_TZr2Jw],[[0]]
4508,Giurgiu,[],,Romania,ROU,[9p-354p7Xjs],[[0]],[[1770]],[0],[24052024],[UCIEYAtvhx3RjGYgy_TZr2Jw],[[0]]
4509,Fagaras,[],,Romania,ROU,[JNcWrRDSVGs],[[0]],[[1576]],[0],[01032024],[UCIEYAtvhx3RjGYgy_TZr2Jw],[[0]]
4510,Curtea de Arges,[Curtea de ArgeÈ],,Romania,ROU,[Y05W_PKtwQw],[[0]],[[1798]],[0],[02022024],[UCIEYAtvhx3RjGYgy_TZr2Jw],[[0]]
4511,Pleven,[],,Bulgaria,BGR,[DXQEuapcFK0],[[0]],[[1798]],[0],[02092023],[UCIEYAtvhx3RjGYgy_TZr2Jw],[[0]]
4512,Rosenheim,[],,Germany,DEU,[APTP9hcv2V0],[[0]],[[1790]],[0],[07062022],[UCIEYAtvhx3RjGYgy_TZr2Jw],[[0]]
4513,Erlangen,[],,Germany,DEU,[iAmwmGQe2No],[[0]],[[1798]],[0],[06012022],[UCIEYAtvhx3RjGYgy_TZr2Jw],[[0]]
4514,Heilbronn,[],,Germany,DEU,[vAnMvYPkIQw],[[0]],[[1799]],[0],[29112021],[UCIEYAtvhx3RjGYgy_TZr2Jw],[[0]]
4515,Pescara,[],,Italy,ITA,[X4Y6QlfOnlk],"[[13, 1030]]","[[400, 1400]]",[0],[6022018],[UCQMH3-SWTynW3pDNV4gG9gw],"[[0, 0]]"
4516,Bydgoszcz,[],,Poland,POL,[8pzJNRRB_Z0],[[70]],[[3766]],[0],[24032025],[UCAhkUEDfztvmwDvEYeTB88g],[[0]]
4517,Es Mercadal,[],,Spain,ESP,[llHt9-SvBWQ],[[2295]],[[6050]],[0],[16032025],[UCAhkUEDfztvmwDvEYeTB88g],[[0]]
