id,video,title,upload_date,channel,views,description,chapters,count,date_updated
1,-uk7xrIf-m4,"Brikama to Soma | 150km Beautiful Highway Drive in Gambia 2024 | Greenery, Villages, & Clouds Africa",21092024,UCdLwwg5FvjEdsIw1_b0C7GA,3821,"Trans-Gambia Highway Drive in Rainy Season 2024 | Brikama to Soma | 150km of Pure Greenery  Gambia's Trans-Gambia Highway | Beautiful Rainy Drive from Brikama to Soma | Greenery and Clouds  150km Trans-Gambia Highway Drive | Rainy Season | Beautiful Green Villages & Stunning Sky  Brikama to Soma | 150km Highway Drive in Gambia | Greenery, Villages, and Clouds | 2024  Gambia‚Äôs Most Beautiful Road: Trans-Gambia Highway in Rainy Season | Brikama to Soma Drive  Stunning Rainy Drive on Trans-Gambia Highway | Brikama to Soma | Greenery & Cloudy Skies  Trans-Gambia Highway 150km Journey | Green Villages and Scenic Clouds | Rainy Season Drive  Exploring Gambia's Trans-Gambia Highway | 150km Rainy Season Drive | Brikama to Soma  Rainy Season Beauty on Trans-Gambia Highway | Brikama to Soma Full Drive | 2024 Updates  Gambia Rainy Season Drive | 150km Trans-Gambia Highway Journey | Beautiful Greenery & Clouds  Description:  Embark on a 150km scenic drive along the Trans-Gambia Highway from Brikama to Soma during the beautiful rainy season of 2024. This video captures the lush green surroundings, picturesque villages, and the mesmerizing cloud-filled sky. The journey takes you through one of Gambia's most beautiful highways, showcasing the country‚Äôs natural beauty during the rainy season. Enjoy the peaceful drive, the fresh greenery, and the refreshing rainy atmosphere that brings life to Gambia's landscapes. Perfect for those who love nature and road trip explorations  #Tags:   #TransGambiaHighway #GambiaRainySeason #GreeneryDrive #BrikamaToSoma #GambiaRoadTrip #BeautifulGambia #GambiaHighways #RainyDrive2024 #GambiaVillages #CloudySky #RoadTripVlog #NatureDrive #GambiaDevelopment #TravelGambia #ExploreGambia #RainySeasonExploration #TransGambiaTour",[],20,3062025
2,ID_q1RC_dSo,,,,,,,16,3062025
3,lVMHKECK_kI,Going from Timisoara (Romania) to Sofia (Bulgaria),14052018,UCyw7oIZalTvrDJOsD703U3Q,1979,Road trips over highway or European roads. Get more travel tips and information on http://traveleurope.ro,[],13,3062025
4,XsQuWRGgGNk,DRIVING FROM VORARLBERG (AUSTRIA) to VADUZ (LIECHTENSTEIN) I 4K 60fps,14102021,UCOTltJnsvy8V9ku46nARF6w,25462,"On this unique route, we start from the Alpine part of Western Austria to one of the smallest countries in the world, we cross Liechtenstein and its capital Vaduz and we can observe the tiny extent of this small Alpine country ... surprising !!  First of all, I would like to apologize for the small annoying noises in some parts of the video, I am trying not to repeat them in future videos ü•∞ü•∞ü•∞  Route: https://goo.gl/maps/xcUBMuxG7Lo5319SA  To fully enjoy viewing, I recommend watching the videos on a 4K screen and setting the YouTube Player (lower wheel) to the maximum quality, 2160p60.  00:00:00 START 00:01:43 RAGGAL 00:10:02 TH√úRINGEN 00:11:55 BLUDESCH 00:15:45 SCHLINS 00:23:02 G√ñFIS 00:28:44 SCHATTENBURG 00:29:05 FELDKIRCH 00:34:01 BORDER AUSTRIA-LIECHTENSTEIN 00:45:39 VADUZ 00:49:51 REGIERUNGSGEB√ÑUDE 00:50:53 KUNSTMUSEUM  00:51:26 VADUZ TOWN HALL 00:52:40 LIECHTENSTEIN TREASURY 00:53:01 ST. FLORIN CATHEDRAL  Equipment used for recording: Camera https://amzn.to/3wSYvXU Memory Card https://amzn.to/3rmwIhn Suction Cup https://amzn.to/3wV9kZk External Battery https://amzn.to/3eGGTIA  Don't miss our video in Zurich: https://youtu.be/2obsKLoZQdU  Do you want to know more about me? Come on, follow me!! https://www.instagram.com/just_driving_4k https://www.facebook.com/JustDriving4K https://twitter.com/4k_just  If you like the channel and want to continue watching my routes, subscribe here and leave a comment, I will be happy to answer you üíóüíóüíóhttps://www.youtube.com/channel/UCOTltJnsvy8V9ku46nARF6w?sub_confirmation=1","[{'title': 'START', 'timestamp': '0:00:00'}, {'title': 'RAGGAL', 'timestamp': '0:01:43'}, {'title': 'TH√úRINGEN', 'timestamp': '0:10:02'}, {'title': 'BLUDESCH', 'timestamp': '0:11:55'}, {'title': 'SCHLINS', 'timestamp': '0:15:45'}, {'title': 'G√ñFIS', 'timestamp': '0:23:02'}, {'title': 'SCHATTENBURG', 'timestamp': '0:28:44'}, {'title': 'FELDKIRCH', 'timestamp': '0:29:05'}, {'title': 'BORDER AUSTRIA-LIECHTENSTEIN', 'timestamp': '0:34:01'}, {'title': 'VADUZ', 'timestamp': '0:45:39'}, {'title': 'REGIERUNGSGEB√ÑUDE', 'timestamp': '0:49:51'}, {'title': 'KUNSTMUSEUM', 'timestamp': '0:50:53'}, {'title': 'VADUZ TOWN HALL', 'timestamp': '0:51:26'}, {'title': 'LIECHTENSTEIN TREASURY', 'timestamp': '0:52:40'}, {'title': 'ST. FLORIN CATHEDRAL', 'timestamp': '0:53:01'}]",12,3062025
5,7NSGFFb_YJs,Italian Riviera 4K - Yachts & Seaside Resorts - Scenic Drive,10072021,UCBcVQr-07MH-p9e2kRTdB3A,375745,"Afternoon drive along the Italian Riviera, from the major seaport city of Genoa (Genova) to the picturesque harbour of Portofino.  Parking for YOUR Superyatch at Portofino is only $75,000 per month! ;) Yachts, cliffs, beaches, colorfully painted resorts, amazing Italian culture, along the Italian coastline.  I love Italian cities (I want to get an electric car or a motorcycle so I can ride in the ZTL) but the coastline is another level! Lots of American popular culture over the past 30 years focused Italy.  And the Italian coastline is a great representation of what makes Italy so great!  Hopefully this video helps until you get to visit in person! Starting Point:  https://goo.gl/maps/foicj9yXZ5biSgmF9 . The Italian Riviera.  As a tourist centre, the Italian Riviera benefits from over 300 days of sunshine per year, and is known for its beaches, colourfully painted towns, natural environment, food, and luxury villas and hotels, as well as for its popular resort facilities, major yachting and cruising areas with several marinas, festivals, golf courses, sailing, rock climbing and scenic views of centuries old farmhouses and cottages.  The Italian Riviera, or Ligurian Riviera, is the narrow coastal strip in Italy which lies between the Ligurian Sea and the mountain chain formed by the Maritime Alps and the Apennines. Longitudinally it extends from the border with France and the French Riviera (or C√¥te d'Azur) near Ventimiglia (a former customs post) eastwards to Capo Corvo (also known as Punta Bianca) which marks the eastern end of the Gulf of La Spezia and is close to the regional border between Liguria and Tuscany.   The mild climate draws an active tourist trade in the numerous coastal resorts, which include Alassio, Bonassola, Bordighera, Camogli, Cinque Terre, Lerici, Levanto, Noli, Portofino, Porto Venere, Santa Margherita Ligure, Sanremo, San Fruttuoso, and Sestri Levante. It is also known for its historical association with international celebrity and artistic visitors; writers and poets like Percy Bysshe Shelley, Lord Byron, Ezra Pound, and Ernest Hemingway were inspired by the beauty and spirit of the region.  Industries are concentrated in and around Genoa, Savona, and along the shores of the Gulf of La Spezia. Genoa and La Spezia are Italy‚Äôs leading shipyards; La Spezia is Italy‚Äôs major naval base, and Savona is a major centre of the Italian iron industry. Chemical, textile, and food industries are also important.  A number of streets and palaces in the center of Genoa and the Cinque Terre National Park (which includes Cinque Terre, Portovenere, and the islands Palmaria, Tino and Tinetto) are two of Italy's 55 World Heritage Sites.  https://en.wikipedia.org/wiki/Italian_Riviera  Genoa is the capital of the Italian region of Liguria and the sixth-largest city in Italy.  Genoa has historically been one of the most important ports on the Mediterranean: it is currently the busiest in Italy and in the Mediterranean Sea and twelfth-busiest in the European Union.  Genoa was the capital of one of the most powerful maritime republics for over seven centuries, from the 11th century to 1797. Particularly from the 12th century to the 15th century, the city played a leading role in the commercial trade in Europe, becoming one of the largest naval powers of the continent and considered among the wealthiest cities in the world.  https://en.wikipedia.org/wiki/Genoa  Portofino (Portofin) is an Italian fishing village and holiday resort famous for its picturesque harbour and historical association with celebrity and artistic visitors. It is a comune located in the Metropolitan City of Genoa on the Italian Riviera. The town is clustered around its small harbour, and is known for the colourfully painted buildings that line the shore.  In Popular Culture: - In 1959 Dalida released song ""Love in Portofino"", written by Leo Chiosso and composed by Fred Buscaglione. With lyrics in French and Italian language, it became a hit and was later iconised alongside the village's name. It also spawned several international covers, including Andrea Bocelli's in 2013 which was followed by a concert recorded and issued on DVD. - Portofino is the eponym of Frank Schaeffer's Portofino: A Novel (1992). It was the first of Schaeffer's Calvin Becker Trilogy. - There is a full-scale replica, in authentic detail, of Portofino Bay at Universal Orlando Resort in Orlando, USA, which opened in September 1999. - Portofino inspired in 2001 a recreation of the seaside town in the Mediterranean Harbor area at Tokyo Disney Sea in Chiba, Japan. It also served as the namesake for the restaurant Cafe Portofino. - Portofino was featured in 2008 in the television series Top Gear (Episode 5, Series 12). Richard Hammond, in a Ferrari Daytona raced James May in a carbon fibre powerboat from Portofino to St Tropez in France. - Ferrari named one of their new V8 sports cars after Portofino in 2017.  https://en.wikipedia.org/wiki/Portofino",[],11,3062025
6,UM27EIAsq28,,,,,,,10,3062025
7,KQU0HSiqvXQ,Full Driving Tour Around Tiny Nauru Island - Just 22 Minutes | Lord Of The Flights,5092023,UCDzNmZ0upC18gDDA4axd0vA,559,"‚úàÔ∏è Nauru is a tiny island in Micronesia. When I made my video visiting the worlds 3 smallest countries, I spent four days in Nauru. Given its size it was not hard to explore this tiny nation, so I recorded a full circuit of this island which took just 22 minutes. I hope you enjoy it!  ‚úàÔ∏è About me:  My name is Mark and I am from the UK.  In 2022 I sold my business after fifteen years of hard work and very few holidays. I immediately set out to make sure I enjoyed a well-earned ‚Äòmidlife crisis‚Äô. As I am too fat to fit in a Porsche, I settled quickly instead on going to the places I have dreamt of visiting, in airplane seats that I can fit in.  I wanted to experience and share the best of First and Business class travel, luxury hotels and interesting destinations without the influence of sponsors or financial reward. I hope my videos will be informative and inspire your own future travels. ‚úàÔ∏è Channel tags - #luxuryhotels #luxurytravel  #nauruisland",[],10,3062025
8,Z0Y1qIWhDU0,Liechtenstein | Drive through the most beautiful villages | 4K,27092022,UCOpfzYU2yx_D4Ve1qJqfyhA,19445,Liechtenstein | Drive through the most beautiful villages Liechtenstein is the 4th smallest country in Europe. The direct neighbors are Switzerland and Austria.  There is no border between Switzerland and Liechtenstein. Liechtenstein has been part of the Swiss economic area since 1923.  Accompany me on a tour (57 km) through wonderful villages in Liechtenstein.  THANK YOU FOR WATCHING MY CHANNEL. Please support my channel by subscribing  00:00  BALZERS 06:18  TRIESEN 11:50  VADUZ 18:42  SCHAAN 25:00  NENDELN 27:14  SCHAANWALD 28:32  MAUREN 33:30  SCHELLENBERG 38:01  RUGGELL 42:41  BENDERN 48:39  SCHAAN 52:48  VADUZ 59:18  TRIESEN 1:04:36  Balzers  INFO LIECHTENSTEIN:  https://www.google.com/maps/place/Liechtenstein,"[{'title': 'BALZERS', 'timestamp': '0:00:00'}, {'title': 'TRIESEN', 'timestamp': '0:06:18'}, {'title': 'VADUZ', 'timestamp': '0:11:50'}, {'title': 'SCHAAN', 'timestamp': '0:18:42'}, {'title': 'NENDELN', 'timestamp': '0:25:00'}, {'title': 'SCHAANWALD', 'timestamp': '0:27:14'}, {'title': 'MAUREN', 'timestamp': '0:28:32'}, {'title': 'SCHELLENBERG', 'timestamp': '0:33:30'}, {'title': 'RUGGELL', 'timestamp': '0:38:01'}, {'title': 'BENDERN', 'timestamp': '0:42:41'}, {'title': 'SCHAAN', 'timestamp': '0:48:39'}, {'title': 'VADUZ', 'timestamp': '0:52:48'}, {'title': 'TRIESEN', 'timestamp': '0:59:18'}, {'title': 'Balzers', 'timestamp': '1:04:36'}]",10,3062025
9,c50dvV6VALQ,Jersey Channel Islands Coastal drive (No Sound),17032019,UCYVw95O41nx7AF1f5S_viJw,3146,,[],9,3062025
10,sJ3kqMsF6gw,4K Liechtenstein Drive | Balzers - Vaduz - Gams (Switzerland),5012024,UC12FUHVhwpC5lMYsMPMbmyg,16033,"The drive starts at the south border to Switzerland,  visits Vaduz, the capital of Liechtenstein, and ends at Gams in Switzerland.  Google Maps route: https://maps.app.goo.gl/MSHTtUHA4Yxi42HNA  00:00 Balzers to Central Vaduz 13:00 Central Vaduz to Nendln 24:42 Nendln to Gams, Switzerland  Date: 2023/7/15 Camera: GH6 + HSA12035 Music: Swans In Flight - Asher Fulero from YouTube Audio Library","[{'title': 'Balzers to Central Vaduz', 'timestamp': '0:00:00'}, {'title': 'Central Vaduz to Nendln', 'timestamp': '0:13:00'}, {'title': 'Nendln to Gams, Switzerland', 'timestamp': '0:24:42'}]",9,3062025
11,iwGu-xTFNgE,,,,,,,9,3062025
12,rxeQiSezhyI,Driving from Andorra üá¶üá© to Spain üá™üá∏ | Drive from the City of Andorra la Vella to the Town of Toses,5112023,UCcwGwvM5iPB9IvtTnMTVcEg,142576,"Jump into the driver's seat on this drive from the City of Andorra la Vella, in the country of Andorra, to the Town of Toses in Spain. Our drive starts in the the City of Andorra la Vella, which is the Capital city of Andorra. The country of Andorra is a mountainous microstate between France and Spain, and has population of approximately 79,000 people. On the way to Toses in Spain, we drive through the beautiful mountainous region of Catalonia in the foothills of the Pyrenees mountains. We arrive in the charming little town of Toses, Spain after a drive time of 1 Hour 34 Minutes üõëPlease Subscribe‚û§http://bit.ly/-STV  Sit Back, Relax, and Enjoy watching this FULL-length scenic road trip video in 4K quality. This Relaxing Video is best watched on a 4K big-screen TV with your legs stretched out on a big comfy couch. Optional, mute the video sound and play your favorite music along with the video.  ***** Route Info ***** ‚óé Drive Date: October 2023 ‚óé Start: City of Andorra la Vella, Andorra ‚óé End: Toses, Spain ‚óé Drive Distance from Andorra la Vella to Toses: 84 km / 52 mi ‚óé Drive Time from Andorra la Vella to Toses: 1 Hour 34 Minutes ‚óé Route: https://maps.app.goo.gl/Wk57GtM6sxPzCBvw8  ***** Places and Interesting points along the route ***** ‚Ä¢ 0:00 - City of Andorra la Vella (Capital city of Andorra), Andorra ‚Ä¢ 9:42 - Santa Coloma, Andorra ‚Ä¢ 14:18 - Sant Juli√† de L√≤ria, Andorra ‚Ä¢ 27:20 - Andorra-Spain border ‚Ä¢ 27:42 - Spain | Espa√±a ‚Ä¢ 32:59 - La Seu d‚ÄôUrgell, Spain ‚Ä¢ 52:47 - Martinet, Spain ‚Ä¢ 59:41 - Bellver de Cerdanya, Spain ‚Ä¢ 1:05:23 - Prats, Spain ‚Ä¢ 1:16:54 - La Molina, Spain ‚Ä¢ 1:33:47 - Toses, Spain  #Andorra #Spain #Pyrenees #RoadTrip #TravelVideo #ScenicView #ScenicDrive","[{'title': 'City of Andorra la Vella (Capital city of Andorra), Andorra', 'timestamp': '0:00:00'}, {'title': 'Santa Coloma, Andorra', 'timestamp': '0:09:42'}, {'title': 'Sant Juli√† de L√≤ria, Andorra', 'timestamp': '0:14:18'}, {'title': 'Andorra-Spain border', 'timestamp': '0:27:20'}, {'title': 'Spain | Espa√±a', 'timestamp': '0:27:42'}, {'title': 'La Seu d‚ÄôUrgell, Spain', 'timestamp': '0:32:59'}, {'title': 'Martinet, Spain', 'timestamp': '0:52:47'}, {'title': 'Bellver de Cerdanya, Spain', 'timestamp': '0:59:41'}, {'title': 'Prats, Spain', 'timestamp': '1:05:23'}, {'title': 'La Molina, Spain', 'timestamp': '1:16:54'}, {'title': 'Toses, Spain', 'timestamp': '1:33:47'}]",8,3062025
13,JjqRxVV5X7Q,England 4K - Southern Coast - Scenic Drive,29042022,UCBcVQr-07MH-p9e2kRTdB3A,157993,"Monday afternoon road trip along the southern coast of England, through the Dorset Area of Outstanding Natural Beauty, also known as the Jurassic Coast. Video starts in Dorchester,  continues along the coast and through small villages, and ends in Lyme Regis.  Love all these small English villages!  Filmed in 4K60FPS HDR.  Let me know how it looks on your display please! Route: https://goo.gl/maps/J3gAMe5v1Wm3SDWk7 . Dorset is a county in South West England on the English Channel coast.  Dorset has a varied landscape featuring broad elevated chalk downs, steep limestone ridges and low-lying clay valleys. Over half the county is designated as an Area of Outstanding Natural Beauty. Three-quarters of its coastline is part of the Jurassic Coast Natural World Heritage Site due to its geological and palaeontologic significance. It features notable landforms such as Lulworth Cove, the Isle of Portland, Chesil Beach and Durdle Door. Agriculture was traditionally the major industry of Dorset but is now in decline and tourism has become increasingly important to the economy. There are no motorways in Dorset but a network of A roads cross the county and two railway main lines connect to London. Dorset has ports at Poole, Weymouth and Portland, and an international airport near Bournemouth. The county has a variety of museums, theatres and festivals, and is host to the Great Dorset Steam Fair, one of the biggest events of its kind in Europe. It is the birthplace of Thomas Hardy, who used the county as the principal setting of his novels, and William Barnes, whose poetry celebrates the ancient Dorset dialect.  https://en.wikipedia.org/wiki/Dorset  The Jurassic Coast is a World Heritage Site on the English Channel coast of southern England. It stretches from Exmouth in East Devon to Studland Bay in Dorset, a distance of about 96 miles (154 km), and was inscribed on the World Heritage List in mid-December 2001.  The site spans 185 million years of geological history, coastal erosion having exposed an almost continuous sequence of rock formation covering the Triassic, Jurassic and Cretaceous periods. At different times, this area has been desert, shallow tropical sea and marsh, and the fossilised remains of the various creatures that lived here have been preserved in the rocks.  https://en.wikipedia.org/wiki/Jurassic_Coast  https://www.dorsetaonb.org.uk/",[],8,3062025
14,N3sk3HU3kJ4,Driving Around the Entire Coastline of Nauru in 30 Minutes!,4032024,UCc44EwbrUfM36gpu_Yx0I9A,1698,This is a drive recorded in one of the smallest countries in the world Nauru which is an Island Nation located in the Pacific Ocean.,[],8,3062025
15,Iqg48tDqPEY,"Driving from Feldkirch, Austria to Liechtenstein",6112024,UC1EyY4iqdnCB1MIL5JVe6bg,2552,Video recorded on 2024 October,[],8,3062025
16,uZDBUddORzo,Driving in Liechtenstein (Road Trip to Cannes 2018),16062018,UCLybjxNRc6s3QXSmXOzTRxQ,20984,"This is part of our European Road Trip 2018 from the  UK to Cannes for a music conference called MIDEM.  Starting off from the ski-resort village of Malbun, and working my way down to Vaduz, through bits of Switzerland and Austria, though I had to pull over and take my dashcam off in Austria for obvious reasons.",[],8,3062025
17,ofIfvlKLb8k,Faroe Islands drive series ‚ë§ From T√≥rshavn to Klaksv√≠k Faroe Islands üá´üá¥ October 2023,1072024,UCH1Mp77_k2IWQVs7BIdm_Fg,354,#travel #2023 #europe #greatview #denmark #faroeislands #driving #travellife #beautifuldestinations,[],8,3062025
18,sgu73NaHaDU,Eritrea-4K - Scenic Drive Keren To Asmara With Music üá™üá∑,30102024,UCVqqZf52GTU6DQLsTHgghfA,28595,Eritrea is one of Africa's hidden gems. Enjoy this 4k Scenic Relaxation film across Eritrea's diverse terrain. This is some of the epic landscapes and beautiful scenery you‚Äôll see when you drive between the Keren and the Asmara‚Ä¶ Where we call home. #ERITREA MUSIC #ERITREA CLASSIC MUSIC,[],7,3062025
19,ysVHFV6mD1E,,,,,,,7,3062025
20,1ei0P2veSek,Driving from Burgas to Varna - Bulgarian countryside üáßüá¨,23052021,UCqgzBDk_OGZPF8o33zWo2dw,12441,"Driving north from the Bulgarian coastal city of Burgas (–ë—É—Ä–≥–∞—Å) to the city of Varna (–í–∞—Ä–Ω–∞), on the Black Sea coast. Routes 906, 9061 and the route 9 after Slanchev Bryag. Passed through the towns of: 0:00 Road 906 0:59 Laka (–õ—ä–∫–∞) 3:05 Kableshkovo (–ö–∞–±–ª–µ—à–∫–æ–≤–æ) 10:02 Slanchev Bryag / Sunny Beach (–°–ª—ä–Ω—á–µ–≤ –±—Ä—è–≥), Banya (–ë–∞–Ω—è) 18:58 Obzor (–û–±–∑–æ—Ä) 22:17 Byala (–ë—è–ª–∞) 25:36 Staro Oryahovo (–°—Ç–∞—Ä–æ –û—Ä—è—Ö–æ–≤–æ) 31:01 Priseltsi (–ü—Ä–∏—Å–µ–ª—Ü–∏) 37:53 Varna (–í–∞—Ä–Ω–∞) Filmed with Nikon Coolpix AW110  Driving Renault Captur","[{'title': 'Road 906', 'timestamp': '0:00:00'}, {'title': 'Laka (–õ—ä–∫–∞)', 'timestamp': '0:00:59'}, {'title': 'Kableshkovo (–ö–∞–±–ª–µ—à–∫–æ–≤–æ)', 'timestamp': '0:03:05'}, {'title': 'Slanchev Bryag / Sunny Beach (–°–ª—ä–Ω—á–µ–≤ –±—Ä—è–≥), Banya (–ë–∞–Ω—è)', 'timestamp': '0:10:02'}, {'title': 'Obzor (–û–±–∑–æ—Ä)', 'timestamp': '0:18:58'}, {'title': 'Byala (–ë—è–ª–∞)', 'timestamp': '0:22:17'}, {'title': 'Staro Oryahovo (–°—Ç–∞—Ä–æ –û—Ä—è—Ö–æ–≤–æ)', 'timestamp': '0:25:36'}, {'title': 'Priseltsi (–ü—Ä–∏—Å–µ–ª—Ü–∏)', 'timestamp': '0:31:01'}, {'title': 'Varna (–í–∞—Ä–Ω–∞)', 'timestamp': '0:37:53'}]",7,3062025
21,gxyoPAvRkjc,,,,,,,7,3062025
22,H9_Rau0GI38,Rainbow Road - Alps 4K Drive - Europe,7072022,UCBcVQr-07MH-p9e2kRTdB3A,950589,"Scenic drive from Italy to Switzerland, with a stunning double rainbow, over the Alps Maloja Pass, through the rain!  *Watch on HDR TV and let me know feedback on picture quality please!*  Route: https://goo.gl/maps/5m8quyLkmB8YeN28A .  Settings: 4K60FPS HDR HEVC Say ""Hello!"" on Instagram: https://instagram.com/utahj199 ""I Love Miami"" T-Shirts Here!:  https://j-utah-teespring-store.creator-spring.com  The Alps are the highest and most extensive mountain range system that lies entirely in Europe, stretching approximately 750 mi across eight Alpine countries: France, Switzerland, Monaco, Italy, Liechtenstein, Austria, Germany, and Slovenia.   https://en.wikipedia.org/wiki/Alps",[],7,3062025
23,4JGihlChyQo,Driving Southern California San Diego Coast in 8K Dolby Vision HDR - Oceanside to Coronado,11102023,UCX_uGzVgYJuo_iuYSBqEr4g,415688,"I hope you enjoy this 2.5 hour drive along the coast of San Diego in California! In this epic driving video, we take you on a road trip from the charming town of Oceanside, all the way to the breathtaking Coronado Island.   Our road trip begins in Oceanside, a coastal gem known for its long sandy beaches, vibrant pier, and relaxed beach town atmosphere. We'll start by exploring the iconic Oceanside Pier and its surroundings, enjoying the crashing waves and the sight of surfers catching their perfect waves.  As we hit the road, you'll witness the transformation of the landscape from laid-back beachfront to the bustling city life of San Diego. Cruise along the historic Highway 101, which offers picturesque views and a glimpse of charming beach communities that make up the heart of Southern California.  Our journey continues through the scenic towns of Carlsbad, Encinitas, and La Jolla, each with its unique attractions and breathtaking coastal vistas. We'll make pit stops to explore the coastal cliffs and reveal some hidden gems along the way.  We also take a quick stop at University of San Diego on student move in day.  The drive takes us past the magnificent Torrey Pines State Natural Reserve and down the scenic coastline of San Diego, where you'll catch glimpses of picturesque beaches, coastal parks, and the Torrey Pines Golf Course.  Finally, our adventure reaches its grand finale as we cross the iconic Coronado Bridge, offering breathtaking views of the San Diego skyline. Welcome to the enchanting Coronado Island, renowned for its pristine beaches, historic Hotel del Coronado, and vibrant arts scene.  The Top Gun Maverick beach volleyball scene was filmed here.  Join us on this unforgettable San Diego coastal journey that captures the essence of this beautiful region. Whether you're planning your own road trip or just looking for a virtual escape, this video will inspire and immerse you in the natural beauty and rich culture of San Diego.  Don't forget to like, subscribe, and hit the notification bell to stay updated with our travel adventures. Share your thoughts in the comments below and let us know if you've experienced this iconic coastal drive yourself!  If you enjoyed this video please like and subscribe and I will create more videos like it.  I will reply to every comment on this video. Thank you for your support.   Best viewed in 8K or 4k HDR TVs.  This video was captured with 3D Binaural Audio ASMR.  Although the audio can be enjoyed with any speakers, headphones provides an immersive experience.  #pacificcoasthighway  #Driving #California #PCH  #drivingtour #sunsetdrive  #sunset  #california #freeway  [8K HDR] Driving Southern California San Diego Coast in 8K HDR Dolby Vision - Oceanside CA to Cornado CA San Diego 8K 4K HDR 60fps with 3D Binaural Audio ASMR  Recording Date: Sept 2023  Timestamps: 0:00:00 Preview 0:01:24 Oceanside Harbor 0:11:22 Oceanside Beach 0:30:00 South Oceanside 0:34:33 Carsbad Village 0:37:10 Carsbad 0:49:35 Encinitas 1:02:57 Solana Beach 1:06:26 Del Mar 1:13:55 Torrey Pines 1:19:37 University of California San Diego 1:23:53 More Torrey Pines 1:25:53 La Jolla Shores 1:34:28 Village of La Jolla 1:42:48 La Jolla 1:52:12 Pacific Beach 1:58:10 Mission Beach 2:03:00 San Diego 2:10:00 Downtown San Diego 2:14:14 Coronado 2:21:10 Coronado Beach (from Top Gun Maverick Beach scene)    Stuff I Use HDR Mastering Monitor:  LG 77-inch Class OLED Z2 Series 8K  https://amzn.to/3scOUPi Favorite Drone: Mavic 3 Pro Cine https://amzn.to/3Mm48Iv Travel Drone: Mavic 3 Mini https://amzn.to/3Xl3L42 Waterproof Carry-On: Pelican https://amzn.to/3k5xEHq Gimbal: https://amzn.to/3k3Cg0C Video Storage: https://amzn.to/3CxrAxx Waterproof Camera Bag: https://amzn.to/3CxrAxx Driving Glasses:  Raybans https://amzn.to/3iwuewL Travel Headphones: Apple https://amzn.to/3k74YO4 Studio Headphones: Apple https://amzn.to/3ZmH80Z Software: Adobe CC https://amzn.to/3ZpiP2F   Custom Built Gaming Editing PC CPU: Intel https://amzn.to/3WWVFyQ GPU: NVIDIA https://amzn.to/3XmdmYG Motherboard: https://amzn.to/3ZmJtsR RAM: Kingston https://amzn.to/3WVzpp4 Silent Case: Corsair Silent https://amzn.to/3GQNpeg Gaming Monitor:  https://amzn.to/3D5DTll Gaming Mouse: Logitech G https://amzn.to/3WVzpp4 Gaming Keyboard: Logitech G https://amzn.to/3XBvNZx Gaming Headset: Arctis Nova Pro Wireless https://amzn.to/3X1nMNi  Recommended Products Make Life Easier: Roborock S7MaxV Ultra  https://amzn.to/3QqG5ZX  All Footage in this video is copyright under licensed or created by me. All footage edited And color corrected by me.  Do not reproduce or reupload.   Thank you for watching and your support!  Copyright ¬© 2023 Relaxing Scenes All Rights Reserved.","[{'title': 'Preview', 'timestamp': '0:00:00'}, {'title': 'Oceanside Harbor', 'timestamp': '0:01:24'}, {'title': 'Oceanside Beach', 'timestamp': '0:11:22'}, {'title': 'South Oceanside', 'timestamp': '0:30:00'}, {'title': 'Carsbad Village', 'timestamp': '0:34:33'}, {'title': 'Carsbad', 'timestamp': '0:37:10'}, {'title': 'Encinitas', 'timestamp': '0:49:35'}, {'title': 'Solana Beach', 'timestamp': '1:02:57'}, {'title': 'Del Mar', 'timestamp': '1:06:26'}, {'title': 'Torrey Pines', 'timestamp': '1:13:55'}, {'title': 'University of California San Diego', 'timestamp': '1:19:37'}, {'title': 'More Torrey Pines', 'timestamp': '1:23:53'}, {'title': 'La Jolla Shores', 'timestamp': '1:25:53'}, {'title': 'Village of La Jolla', 'timestamp': '1:34:28'}, {'title': 'La Jolla', 'timestamp': '1:42:48'}, {'title': 'Pacific Beach', 'timestamp': '1:52:12'}, {'title': 'Mission Beach', 'timestamp': '1:58:10'}, {'title': 'San Diego', 'timestamp': '2:03:00'}, {'title': 'Downtown San Diego', 'timestamp': '2:10:00'}, {'title': 'Coronado', 'timestamp': '2:14:14'}, {'title': 'Coronado Beach (from Top Gun Maverick Beach scene)', 'timestamp': '2:21:10'}]",6,3062025
24,TKXHxRzvNIE,Driving Southern California San Diego Coast in 8K Dolby Vision HDR - Oceanside to Pacific Beach,7052025,UCX_uGzVgYJuo_iuYSBqEr4g,107016,"I hope you enjoy this 2 hour drive along the coast of San Diego in California! In this epic driving video, we take you on a road trip from the charming town of Oceanside, all the way to the upscale town of La Jolla California   Our road trip begins in Oceanside, a coastal gem known for its long sandy beaches, vibrant pier, and relaxed beach town atmosphere. We'll start by exploring the iconic Oceanside Pier and its surroundings, enjoying the crashing waves and the sight of surfers catching their perfect waves.  As we hit the road, you'll witness the transformation of the landscape from laid-back beachfront to the bustling city life of San Diego. Cruise along the historic Highway 101, which offers picturesque views and a glimpse of charming beach communities that make up the heart of Southern California.  Our journey continues through the scenic towns of Carlsbad, Encinitas, and we end at sunset in La Jolla, each with its unique attractions and breathtaking coastal vistas.   Join us on this unforgettable San Diego coastal journey that captures the essence of this beautiful region. Whether you're planning your own road trip or just looking for a virtual escape, this video will inspire and immerse you in the natural beauty and rich culture of San Diego.  Don't forget to like, subscribe, and hit the notification bell to stay updated with our travel adventures. Share your thoughts in the comments below and let us know if you've experienced this iconic coastal drive yourself!  If you enjoyed this video please like and subscribe and I will create more videos like it.  I will reply to every comment on this video. Thank you for your support.   Best viewed in 8K or 4k HDR TVs.  This video was captured with 3D Binaural Audio ASMR.  Although the audio can be enjoyed with any speakers, headphones provides an immersive experience.  #pacificcoasthighway  #Driving #California #PCH  #drivingtour #sunsetdrive  #sunset  #california #freeway #beach   [8K HDR] Driving Southern California San Diego Coast in 8K HDR Dolby Vision - Oceanside CA to Pacific Beach CA San Diego 8K 4K HDR 60fps with 3D Binaural Audio ASMR  Recording Date: 2025  Timestamps: 0:00:00 Preview 0:01:34 Camp Pendelton Vista Overlook 0:2:00 5 FWY South to San Diego Coastal Drive 0:10:30 Oceanside 0:29:30 Carsbad 0:46:27 Encinitas 0:57:00 Solana Beach 1:04:00 Del Mar 1:08:00 Torrey Pines 1:10:00 University of California San Diego 1:15:53 La Jolla Shores 1:22:28 Village of La Jolla 1:35:48 La Jolla 1:42:00 Pacific Beach     Stuff I Use HDR Mastering Monitor:  LG 77-inch Class OLED Z2 Series 8K  https://amzn.to/3scOUPi Favorite Drone: Mavic 3 Pro Cine https://amzn.to/3Mm48Iv Travel Drone: Mavic 3 Mini https://amzn.to/3Xl3L42 Waterproof Carry-On: Pelican https://amzn.to/3k5xEHq Gimbal: https://amzn.to/3k3Cg0C Video Storage: https://amzn.to/3CxrAxx Waterproof Camera Bag: https://amzn.to/3CxrAxx Driving Glasses:  Raybans https://amzn.to/3iwuewL Travel Headphones: Apple https://amzn.to/3k74YO4 Studio Headphones: Apple https://amzn.to/3ZmH80Z Software: Adobe CC https://amzn.to/3ZpiP2F   Custom Built Gaming Editing PC CPU: Intel https://amzn.to/3WWVFyQ GPU: NVIDIA https://amzn.to/3XmdmYG Motherboard: https://amzn.to/3ZmJtsR RAM: Kingston https://amzn.to/3WVzpp4 Silent Case: Corsair Silent https://amzn.to/3GQNpeg Gaming Monitor:  https://amzn.to/3D5DTll Gaming Mouse: Logitech G https://amzn.to/3WVzpp4 Gaming Keyboard: Logitech G https://amzn.to/3XBvNZx Gaming Headset: Arctis Nova Pro Wireless https://amzn.to/3X1nMNi Recommended Products Make Life Easier: Roborock S7MaxV Ultra  https://amzn.to/3QqG5ZX  'Freedom' by Scott Buckley - released under CC-BY 4.0. www.scottbuckley.com.au   All Footage in this video is copyright under licensed or created by me. All footage edited And color corrected by me.  Do not reproduce or reupload.   Thank you for watching and your support!  Copyright ¬© 2025 Relaxing Scenes All Rights Reserved.","[{'title': 'Preview', 'timestamp': '0:00:00'}, {'title': 'Camp Pendelton Vista Overlook', 'timestamp': '0:01:34'}, {'title': '5 FWY South to San Diego Coastal Drive', 'timestamp': '0:02:00'}, {'title': 'Oceanside', 'timestamp': '0:10:30'}, {'title': 'Carsbad', 'timestamp': '0:29:30'}, {'title': 'Encinitas', 'timestamp': '0:46:27'}, {'title': 'Solana Beach', 'timestamp': '0:57:00'}, {'title': 'Del Mar', 'timestamp': '1:04:00'}, {'title': 'Torrey Pines', 'timestamp': '1:08:00'}, {'title': 'University of California San Diego', 'timestamp': '1:10:00'}, {'title': 'La Jolla Shores', 'timestamp': '1:15:53'}, {'title': 'Village of La Jolla', 'timestamp': '1:22:28'}, {'title': 'La Jolla', 'timestamp': '1:35:48'}, {'title': 'Pacific Beach', 'timestamp': '1:42:00'}]",6,3062025
25,nOpWVPjw-IY,Downtown Tahiti to Taihupoo and around the whole island (No sound),7042023,UCVjiW0ZF3rN1396YYGSnQDw,224,"Ever want to see what it's like to drive around Tahiti - the whole island? Here it is! We start from the ferry terminal parking lot downtown, head to Carrefour for a quick stop, then move onwards to Teahupoo, where the summer Olympics hosted by France will have their surfing competition. Enjoy the drive. It has no sound because I was playing music on the radio, and that will create copyright issues.",[],6,3062025
26,GfNrMYXygM4,Italy 4K - Steady Rain - Scenic Drive,16082022,UCBcVQr-07MH-p9e2kRTdB3A,511032,"Afternoon drive around Lake Como in the rain.  Hope you enjoy it! Route: https://goo.gl/maps/CU9cgwvGSqgH4NhT9 .  Lake Como, in Northern Italy‚Äôs Lombardy region, is an upscale resort area known for its dramatic scenery, set against the foothills of the Alps. The lake is shaped like an upside-down Y, with three slender branches that meet at the resort town of Bellagio. At the bottom of the southwest branch lies the city of Como, home to Renaissance architecture and a funicular that travels up to the mountain town of Brunate. ‚Äï Google  https://goo.gl/maps/83MzMtMXsr7X17cq5  Milan, a metropolis in Italy's northern Lombardy region, is a global capital of fashion and design. Home to the national stock exchange, it‚Äôs a financial hub also known for its high-end restaurants and shops. The Gothic Duomo di Milano cathedral and the Santa Maria delle Grazie convent, housing Leonardo da Vinci‚Äôs mural ‚ÄúThe Last Supper,‚Äù testify to centuries of art and culture. ‚Äï Google  https://goo.gl/maps/GhiS5rvF1GHcfBmm9  Format: 4K60FPS HDR Say ""Hello!"" on Instagram: https://instagram.com/utahj199 ""I Love Miami"" T-Shirts Here!:  https://j-utah-teespring-store.creator-spring.com",[],6,3062025
27,EhWzJZX_Rss,Rainy Rural Swiss Villages - Switzerland 4K - Scenic Drive,31032025,UCBcVQr-07MH-p9e2kRTdB3A,10856,"Driving through the rural Swiss Alps from Guttannen Switzerland to Interlacken Switzerland in a light relaxing rain. Say hello on my other socials!  Currently uploading shorts on FB, IG, TT, and Snap!Wrapping up the footage from this last trip. New trips in the works. Hope you're having a great day!  More rainy day drives here: https://www.youtube.com/playlist?list=PLvEhUAlWIdM2woeh3RcCMKHjrHS9QXubo  American Express Business Platinum Card: https://tinyurl.com/2y942kaf Amex Global Lounge Collection Airport Search: https://tinyurl.com/s9xkwx46 Priority Pass: https://tinyurl.com/u6wue43n (Not affiliate links. If you enjoy the videos and want to help me produce content, DM/email me for affiliate links where we both get points and perks. I currently can do this for Amex Business Cards & Chase Ink Business Cards. Thank you!)  YouTube https://www.youtube.com/@jutah Instagram https://www.instagram.com/j_utah99/ Twitter https://twitter.com/jutah99 Join this channel to get access to perks: https://www.youtube.com/channel/UCBcVQr-07MH-p9e2kRTdB3A/join  Switzerland is a mountainous Central European country, home to numerous lakes, villages and the high peaks of the Alps. Its cities contain medieval quarters, with landmarks like capital Bern‚Äôs Zytglogge clock tower and Lucerne‚Äôs wooden chapel bridge. The country is also known for its ski resorts and hiking trails. Banking and finance are key industries, and Swiss watches and chocolate are world renowned.  https://goo.gl/maps/rr8rBYKjdfGo4TdBA",[],6,3062025
28,sh-nsMhk_3k,Driving Through Entire Liechtenstein,19122021,UCShvWgyg1akkI7Fn0q8-IRw,1744,"So in this Video we¬¥re going to drive through Liechtenstein in it¬¥s entirety. A complete / full walkthrough or drivethrough if you want so. It is a huge country and driving along it¬¥s complete length should take a while. Well, enjoy a complete Liechtenstein trip in a single video! Featuring: Vaduz, Balzers, Triesen, Schaan, Nendeln & Schaanwald. Enjoy!  #liechtenstein #drivinginliechtenstein #microstate",[],6,3062025
29,9_ZXbRo4EN4,4K Video!! Exploring Kenya // From NYERI Town to NYAHURURU Town // Road Trip Adventure!!,26042025,UCmKcQFlFJjc4ruSf2clPM-w,287,"Join us on an exhilarating 4K road trip adventure as we explore the breathtaking landscapes and vibrant culture of Kenya!  In this episode, we journey from the scenic Nyeri Town, nestled in the heart of the Central Highlands, to the beautiful Nyahururu Town, famous for its stunning waterfalls and rich history.  Experience the stunning views of the Aberdare Mountain Range, lush tea plantations, and the warm hospitality of the local communities along the way. We'll stop at iconic landmarks, indulge in local delicacies, and share fascinating stories about the heritage of this remarkable region. Whether you're a travel enthusiast or simply looking to explore new places from the comfort of your home, this video captures the essence of a true Kenyan adventure. Don't forget to like, share, and subscribe for more travel content! Highlights: Stunning 4K visuals of the Kenyan landscape Local culture and cuisine Historical insights and landmarks Tips for traveling in Kenya  Join us for this unforgettable journey and let the spirit of adventure inspire your next travel plans!",[],6,3062025
30,hpyk9hHgfQA,„É¨„ÇΩ„Éà Lesotho 4k drive,11082023,UCTnoGY7VGoJrE3qwSBZqkcg,1829,‚úÖFeatured Video https://youtu.be/NeOSg6zhDPI  https://youtu.be/wjGq4ibrk7Q  https://youtu.be/1vtcvN_AnnE  https://youtu.be/aqVOHeBIbtA,[],6,3062025
31,W3sdsRY3lak,Faroe Islands drive series ‚ë¢ Streymoy island  Faroe Islands üá´üá¥,30062024,UCH1Mp77_k2IWQVs7BIdm_Fg,381,#travel #2023 #europe #greatview #denmark #faroeislands #driving #travellife #beautifuldestinations,[],6,3062025
32,RRTlWvRLmRc,Driving on the Faroe Islands: Eiƒëi to S√∏rv√°gur,15082021,UCYb2EsJuIMV-q436BSJiXhg,6785,"Listening to Om ""Advaitic Songs""  https://omband.bandcamp.com/",[],6,3062025
33,M0DOTYYpZXs,,,,,,,6,3062025
34,RfJU_cFcVBc,,,,,,,6,3062025
35,ghwg7XR9hYo,Driving in Liechtenstein | relaxed drive through Liechtenstein villages and landscapes,29042023,UCOpfzYU2yx_D4Ve1qJqfyhA,5338,Liechtenstein | Drive through the most beautiful villages Liechtenstein is the 4th smallest country in Europe. The direct neighbors are Switzerland and Austria.  There is no border between Switzerland and Liechtenstein. Liechtenstein has been part of the Swiss economic area since 1923.  Accompany me on a tour (57 km) through wonderful villages in Liechtenstein.  THANK YOU FOR WATCHING MY CHANNEL.  Please support my channel by subscribing  Another video from Liechtenstein: https://youtu.be/Z0Y1qIWhDU0  INFO:  https://www.google.com/maps/place/Liechtenstein,[],6,3062025
36,5FMGg6JoYAA,The Most AMAZING Driving Experience You'll Ever Have,1052022,UCrQQVxEECQd0lHBdCgcSZSw,0,,[],5,3062025
37,fNkMoxcJNkg,Road Trip: Maseru to Mohale,21042025,UCWK0oEc39hg2Emcvtn0azhA,118,"In this video we drive from Maseru   to Mohale (Lesotho). Come with us as we explore the beautiful landscape of Lesotho.  Background music:  Beat Your Competition - Vibe Tracks   Alternate - Vibe Tracks Heart Break - Vibe Tracks Jack in the Box - Silent Partner Malmo Sunrise - The 126ers Microchip - Jason Farnham Parasail - Silent Partner Pickup Truck ‚Ä¢ Silent Partner ‚Ä¢ No Copyright Music ‚Ä¢ Royalty Free Music  Triangles - Silent Partner Whisper - Riot  Please subscribe, like, comment and share.",[],5,3062025
38,OZ3DOPUKxuE,Andorra to Spain by car (4K POV Drive),1032025,UCeaLkQCZ2LLKwenAC1Eem6A,5321,"Join me on an incredible drive from Andorra la Vella, the heart of Andorra, through the stunning Pyrenees into northern Spain. This route takes us across winding mountain roads, deep valleys, and charming rural landscapes, offering a perfect mix of adventure and tranquility.  First Andorra video is here: https://www.youtube.com/watch?v=F9lmr2VsEcQ  As we leave the bustling capital behind, we ascend through picturesque alpine scenery, passing lush forests, steep cliffs, and sharp hairpin turns. Crossing into Spain, the road transforms into a peaceful countryside route, leading to the quiet village of Els Hostalets de Tost, a hidden gem surrounded by nature.  üé• Highlights include:  üèî Scenic Mountain Views ‚Äì Enjoy breathtaking panoramas of the Pyrenees. üöó Twisting Alpine Roads ‚Äì Experience thrilling curves and elevation changes. üè° Crossing into Spain ‚Äì A seamless transition from Andorra‚Äôs rugged peaks to Catalonia‚Äôs rolling hills.  üåü Features:  üì∑ POV driving experience with immersive visuals and natural road sounds. üõ£ Uninterrupted footage showcasing the beauty of the Andorran-Spanish border. üé¨ Perfect for travel inspiration, road trip planning, or a relaxing scenic drive.  üåç Route Details:  üìç Starting Point: Andorra la Vella, Andorra üá¶üá© (https://maps.app.goo.gl/zgPvUePa7SuRTBXf7) üìç Ending Point: Els Hostalets de Tost, Spain üá™üá∏ (https://maps.app.goo.gl/cgmQHynEfWDZN87j6) ‚è≥ Duration: ~40 min  üöó Buckle up and enjoy this picturesque drive through one of Europe‚Äôs most scenic mountain regions! Don‚Äôt forget to like, comment, and subscribe for more road trip adventures. üåç‚ú®",[],5,3062025
39,bFuY-jXE2bs,"Driving from Kill Devil Hills, North Carolina to Chesapeake, Virginia, USA",6062022,UCvXkpzL0ObfACNs_Wv7u4CQ,892,"Driving from Kill Devil Hills, North Carolina to Chesapeake, Virginia, USA  Chesapeake is an independent city in the Commonwealth of Virginia. As of the 2020 census, the population was 249,422, it is the second-most populous independent city in Virginia, tenth-largest in the Mid-Atlantic, and the 90th most populous city in the United States.  Chesapeake is included in the Virginia Beach‚ÄìNorfolk‚ÄìNewport News, VA‚ÄìNC, MSA. One of the cities in the South Hampton Roads, Chesapeake was organized in 1963 by voter referendums approving the political consolidation of the city of South Norfolk with the remnants of the former Norfolk County, which dated to 1691. (Much of the territory of the county had been annexed by other cities.) Chesapeake is the second-largest city by land area in the Commonwealth of Virginia, and the 17th-largest in the United States.  Chesapeake is a diverse city in which a few urban areas are located; it also has many square miles of protected farmland, forests, and wetlands, including a substantial portion of the Great Dismal Swamp National Wildlife Refuge. Extending from the rural border with North Carolina to the harbor area of Hampton Roads adjacent to the cities of Norfolk, Portsmouth, Suffolk, and Virginia Beach, Chesapeake is located on the Atlantic Intracoastal Waterway. It has miles of waterfront industrial, commercial and residential property.  In 2011, Chesapeake was named the 21st best city in the United States by Bloomberg Businessweek. Chesapeake is home to the international Headquarters for Dollar Tree.",[],5,3062025
40,sJ0KUfulWF0,Drive with me from Kigali - Rwamagana - Kayonza. 2023,17052023,UCHELNMMc73LshDQQ4Kf80ig,195,"A very clean ride from Kigali to Kayonza .Rwanda  Let me know if you want more videos like this, I will be happy to share that with you. Don't forget to comment, like the video, Share and Subscribe! Follow me on Instagram.com/kemgkingface My music Channel: https://www.youtube.com/@UCSZCAfaEvrBY49F0R7iGd5Q    Song: Justhea - Travel (Vlog No Copyright Music) Video Link: https://youtu.be/xSekRoYIU28",[],5,3062025
41,SIi1fFNRGTU,Driving in Liechtenstein | from Planken to Balzers | 4K,28052023,UCOpfzYU2yx_D4Ve1qJqfyhA,3797,Driving in Liechtenstein | from Planken to Balzers  Liechtenstein | Drive through the most beautiful villages Liechtenstein is the 4th smallest country in Europe. The direct neighbors are Switzerland and Austria.  There is no border between Switzerland and Liechtenstein. Liechtenstein has been part of the Swiss economic area since 1923.  Accompany me on a tour through wonderful villages in Liechtenstein.  THANK YOU FOR WATCHING MY CHANNEL.  Please support my channel by subscribing  Another video from Liechtenstein: https://youtu.be/Z0Y1qIWhDU0  INFO:  https://www.google.com/maps/place/Liechtenstein  #4k  #driving  #Driving in Liechtenstein #Travel Video FJM #Planken,[],5,3062025
42,8doAbYRCy0U,MALTA ~ Drive from St. Paul's Bay to Qormi | Malta Road Trip through Local Streets #DrivingInMalta,15122024,UCn7-tbQ5kifPd9bdGj4t3aQ,718,"Take a drive from St. Paul‚Äôs Bay to Qormi in Malta, exploring the local streets and everyday life on the roads. Experience Malta's urban landscapes and towns in this road trip video.  Full YouTube Description: Join me for a straightforward drive from St. Paul's Bay to Qormi, two important towns in Malta. In this video, we'll travel through local streets, passing by cars, buildings, and everyday scenes of life on the roads. Whether you‚Äôre curious about the urban areas of Malta or interested in road trip experiences, this drive offers an insight into the island‚Äôs towns and daily traffic.  In this video, we cover:  A drive through St. Paul‚Äôs Bay and Qormi, two notable towns in Malta A look at the local roads, buildings, and everyday driving experience Views of Malta‚Äôs urban and suburban areas as we pass through If you enjoy driving videos, Malta road trips, or are just interested in the island‚Äôs urban life, be sure to like, share, and subscribe for more content about Malta!  üîî Subscribe for more road trips and exploration of Malta!  @Malta2024",[],5,3062025
43,xx8-5K6DIxI,"Malta, Driving From Coast To Coast - üá≤üáπ Malta [4K HDR] DrivingTour",10122022,UCYulrOk4EbqL833oETw0bWQ,17393,"Driving from the Dingli Cliffs Radar Station on the west coast, to the Mediterranean beaches on the east coast of Malta, sightseeing the inner rural and medieval land of Malta as we pass through this area. This video includes Binaural Audio üéß. Put on headphones for the best and immersive experience. Click here ‚ñ∂ to see highlights and guide.   (From Wiki): Malta is an island country in the Mediterranean Sea. It consists of an archipelago, between Italy and Libya, and is often considered a part of Southern Europe.With a population of about 516,000 over an area of 316 km2 (122 sq mi), Malta is the world's tenth-smallest country in area and fourth most densely populated sovereign country. Its capital is Valletta, which is the smallest national capital in the European Union by area and population.   Date recorded: December, 2022 Weather: ‚õÖ 19C | 62F  Video Format: 4K 60FPS Audio Format: WAV 96kHz Binaural Audio üéß - Put on headphones for the best and immersive experience ----------------------------------------------------------------------------------------------------------- Lets connect or support and receive updates of the travel places to be viewed in upcoming videos:  Support me on„ÄêPaypal„Äë https://www.paypal.me/WanderlustTV Support me on„ÄêPatreon„Äë https://www.patreon.com/WanderlustTravelVideos Follow me on „ÄêInstagram„Äë https://www.instagram.com/wanderlusttravelvideos/ Follow me on „ÄêFacebook„Äë https://www.facebook.com/WanderlustTravelVideos/  #WanderlustTravelVideos #malta  --------------------------------------------------------------------------------------------------------- Highlights timestamps  (‚óâ Street/Road):   ‚ñ∂(0:00) Intro  ‚ñ∂(0:32) Triq Panoramika ‚óâ ‚ñ∂(3:25) Triq San Pawl Tal-Pitkalii ‚óâ ‚ñ∂(6:26) Triq Panoramika ‚óâ ‚ñ∂(8:25) Triq San Pawl Tal-Pitkalii ‚óâ ‚ñ∂(9:38) Triq Gann Mari Abela ‚óâ ‚ñ∂(9:55) C. Bugeja ‚óâ ‚ñ∂(10:04) Sir William Reid ‚óâ ‚ñ∂(10:27) Guze Ellul Mercer ‚óâ ‚ñ∂(11:26) Triq IIL-Ghajn ‚óâ ‚ñ∂(12:18) Triq Ir-Rabat ‚óâ ‚ñ∂(14:00) Triq Had-Dingli ‚óâ ‚ñ∂(14:34) Triq Hal Tartarni ‚óâ ‚ñ∂(15:14) Triq Gorg Borg Olivier ‚óâ ‚ñ∂(16:36) Triq Nikola Saura ‚óâ ‚ñ∂(17:37) Triq Ta'l-Infetti ‚óâ ‚ñ∂(18:50) Triq Buqana ‚óâ ‚ñ∂(21:19) Triq Sir Temi Zammit ‚óâ ‚ñ∂(24:47) Triq Ghajn Tuffieha ‚óâ ‚ñ∂(28:04) Route 118 ‚óâ ‚ñ∂(32:31) Dawret San Pawl ‚óâ ‚ñ∂(36:01) Kennedy Drive ‚óâ ‚ñ∂(37:19) Tul IL-Kosta ‚óâ ‚ñ∂(41:52) Bahar Ic-Caghaq ‚óâ --------------------------------------------------------------------------------------------------------- Improve your YouTube channel with TubeTubby https://www.tubebuddy.com/WTVAffiliatePromotion","[{'title': 'Intro', 'timestamp': '0:00:00'}, {'title': 'Triq Panoramika', 'timestamp': '0:00:32'}, {'title': 'Triq San Pawl Tal-Pitkalii', 'timestamp': '0:03:25'}, {'title': 'Triq Panoramika', 'timestamp': '0:06:26'}, {'title': 'Triq San Pawl Tal-Pitkalii', 'timestamp': '0:08:25'}, {'title': 'Triq Gann Mari Abela', 'timestamp': '0:09:38'}, {'title': 'C. Bugeja', 'timestamp': '0:09:55'}, {'title': 'Sir William Reid', 'timestamp': '0:10:04'}, {'title': 'Guze Ellul Mercer', 'timestamp': '0:10:27'}, {'title': 'Triq IIL-Ghajn', 'timestamp': '0:11:26'}, {'title': 'Triq Ir-Rabat', 'timestamp': '0:12:18'}, {'title': 'Triq Had-Dingli', 'timestamp': '0:14:00'}, {'title': 'Triq Hal Tartarni', 'timestamp': '0:14:34'}, {'title': 'Triq Gorg Borg Olivier', 'timestamp': '0:15:14'}, {'title': 'Triq Nikola Saura', 'timestamp': '0:16:36'}, {'title': ""Triq Ta'l-Infetti"", 'timestamp': '0:17:37'}, {'title': 'Triq Buqana', 'timestamp': '0:18:50'}, {'title': 'Triq Sir Temi Zammit', 'timestamp': '0:21:19'}, {'title': 'Triq Ghajn Tuffieha', 'timestamp': '0:24:47'}, {'title': 'Route 118', 'timestamp': '0:28:04'}, {'title': 'Dawret San Pawl', 'timestamp': '0:32:31'}, {'title': 'Kennedy Drive', 'timestamp': '0:36:01'}, {'title': 'Tul IL-Kosta', 'timestamp': '0:37:19'}, {'title': 'Bahar Ic-Caghaq', 'timestamp': '0:41:52'}]",5,3062025
44,KDrVpkbwcbg,Florida Keys 4K - Tropical Islands - Scenic Drive,20092020,UCBcVQr-07MH-p9e2kRTdB3A,478708,"Afternoon drive through the tropical Florida Keys island chain along the Overseas Highway, home to exotic alligators, pricy real estate, clear ocean and amazing ecotourism.  The largest corral reef on the U.S. mainland.  One of my favorite places in the world!  I hope you enjoy! Route:  https://goo.gl/maps/z69nAvqkF4G9XPL27 . The¬†Florida Keys¬†are a¬†coral¬†cay¬†archipelago¬†located off the southern coast of¬†Florida, forming the southernmost part of the continental United States. The area is popular for fishing and tourism, including ecotourism, with many visitors scuba diving in the area's protected waters.  The northern and central sections of the Florida Keys are the exposed portions of an ancient coral reef, the Key Largo Limestone.  They begin at the southeastern coast of the Florida¬†peninsula, about 15 miles (24¬†km) south of¬†Miami, and extend in a gentle arc south-southwest and then westward to¬†Key West, the westernmost of the inhabited islands, and on to the uninhabited¬†Dry Tortugas. The islands lie along the¬†Florida Straits, dividing the¬†Atlantic Ocean¬†to the east from the¬†Gulf of Mexico¬†to the northwest, and defining one edge of¬†Florida Bay. At the nearest point, the southern part of Key West is just 90 miles (140¬†km) from¬†Cuba. The Florida Keys are between about 24.3 and 25.5 degrees North latitude.  The Overseas Highway is a 113-mile (181.9 km) highway carrying U.S. Route 1 (US 1) through the Florida Keys to Key West. Large parts of it were built on the former right-of-way of the Overseas Railroad, the Key West Extension of the Florida East Coast Railway. Completed in 1912, the Overseas Railroad was heavily damaged and partially destroyed in the 1935 Labor Day hurricane. The Florida East Coast Railway was financially unable to rebuild the destroyed sections, so the roadbed and remaining bridges were sold to the state of Florida for $640,000.  Since the 1950s the Overseas Highway has been refurbished into a main coastal highway between the cities of Miami and Key West, offering travelers an exotic roadway through a tropical savanna environment and access to the largest area of coral reefs on the U.S. mainland. Many exotic animals such as the American Alligator, American Crocodile and Key Deer inhabit the tropical islands of the Florida Keys.  https://en.wikipedia.org/wiki/Florida_Keys  https://en.wikipedia.org/wiki/Overseas_Highway",[],5,3062025
