id,city,state,country,iso3,continent,lat,lon,gmp,population_city,population_country,traffic_mortality,literacy_rate,avg_height,med_age,gini,traffic_index,videos,time_of_day,start_time,end_time,vehicle_type,upload_date,fps_list,channel
12,Las Vegas,NV,United States,USA,North America,36.1672559,-115.148516,160.728,623747.0,329484123,12.7,86.0,170.1,38.5,41.3,151.1,[fQ8oi4JEwFU],[[1]],[[8]],[[2618]],[0],[None],[0],"[UCBcVQr-07MH-p9e2kRTdB3A,UC_H5eI8VcRh7EZEXIwdRqyw,UChcPPozD-LOPyLt3La41yCA,UChcPPozD-LOPyLt3La41yCA,UChcPPozD-LOPyLt3La41yCA,UCBcVQr-07MH-p9e2kRTdB3A,None,UCV14CkQ0eSPqleyby0ctAng,UCX_uGzVgYJuo_iuYSBqEr4g,UCX_uGzVgYJuo_iuYSBqEr4g,UCBcVQr-07MH-p9e2kRTdB3A,UCBcVQr-07MH-p9e2kRTdB3A,UCBcVQr-07MH-p9e2kRTdB3A,UCBcVQr-07MH-p9e2kRTdB3A,UCBcVQr-07MH-p9e2kRTdB3A,UCY0RA6Pa-Vt7BCqpTyd9ScA,UCn9GoKILLBy78KB4_6OnncA,UCzqnLTams8xuRDAGmyhoyUQ,UCXIupuXxw8LeL3VXBDBbVlw,UCsr3RsvT2MU2gnV_zIiiFGw,UCgdxsKfQuJLPQDpzSpadNug,UC0H-Sa4Ua_wWGYMmc6ITpRg,UCk0xpfrrpSZJF1qJtIun4hg,UCk0xpfrrpSZJF1qJtIun4hg,UCk0xpfrrpSZJF1qJtIun4hg,UCk0xpfrrpSZJF1qJtIun4hg]"
13,Los Angeles,CA,United States,USA,North America,34.0536909,-118.242766,1566.296,3898747.0,329484123,12.7,86.0,170.1,38.5,41.3,151.1,"[9u_PhtS4wtc,EUGYfzARI3Y,7AMTygnk-i8]","[[0], [0], [0]]","[[10], [5], [5]]","[[1995], [3052], [1500]]","[0, 0, 0]","[None, None, None]","[0, 0, 0]","[UCBcVQr-07MH-p9e2kRTdB3A,UChcPPozD-LOPyLt3La41yCA,UChcPPozD-LOPyLt3La41yCA,UChcPPozD-LOPyLt3La41yCA,UChcPPozD-LOPyLt3La41yCA,UChcPPozD-LOPyLt3La41yCA,UChcPPozD-LOPyLt3La41yCA,UChcPPozD-LOPyLt3La41yCA,UChcPPozD-LOPyLt3La41yCA,UChcPPozD-LOPyLt3La41yCA,UChcPPozD-LOPyLt3La41yCA,UCX_uGzVgYJuo_iuYSBqEr4g,None,None,None,UC_H5eI8VcRh7EZEXIwdRqyw,UCX_uGzVgYJuo_iuYSBqEr4g,UCX_uGzVgYJuo_iuYSBqEr4g,UCX_uGzVgYJuo_iuYSBqEr4g,UCX_uGzVgYJuo_iuYSBqEr4g,UCX_uGzVgYJuo_iuYSBqEr4g,UCX_uGzVgYJuo_iuYSBqEr4g,UCX_uGzVgYJuo_iuYSBqEr4g,UCX_uGzVgYJuo_iuYSBqEr4g,UCV14CkQ0eSPqleyby0ctAng,UCV14CkQ0eSPqleyby0ctAng,UCV14CkQ0eSPqleyby0ctAng,UCV14CkQ0eSPqleyby0ctAng,UCV14CkQ0eSPqleyby0ctAng,UCV14CkQ0eSPqleyby0ctAng,UCV14CkQ0eSPqleyby0ctAng,UCV14CkQ0eSPqleyby0ctAng,UCV14CkQ0eSPqleyby0ctAng,UCV14CkQ0eSPqleyby0ctAng,UCV14CkQ0eSPqleyby0ctAng,UCV14CkQ0eSPqleyby0ctAng,UChv3DmLA2hH-d93bGgqjMLg,UCX_uGzVgYJuo_iuYSBqEr4g,UCX_uGzVgYJuo_iuYSBqEr4g,UCO_zxQAruqOxvRrT0bjISvg,UCV14CkQ0eSPqleyby0ctAng,UCV14CkQ0eSPqleyby0ctAng,UChv3DmLA2hH-d93bGgqjMLg,UCV14CkQ0eSPqleyby0ctAng,UCX_uGzVgYJuo_iuYSBqEr4g,UCX_uGzVgYJuo_iuYSBqEr4g,UCX_uGzVgYJuo_iuYSBqEr4g,UCX_uGzVgYJuo_iuYSBqEr4g,UCX_uGzVgYJuo_iuYSBqEr4g,UCX_uGzVgYJuo_iuYSBqEr4g,UCX_uGzVgYJuo_iuYSBqEr4g,UCX_uGzVgYJuo_iuYSBqEr4g,UCV14CkQ0eSPqleyby0ctAng,UCV14CkQ0eSPqleyby0ctAng,UCV14CkQ0eSPqleyby0ctAng,UCX_uGzVgYJuo_iuYSBqEr4g,UCX_uGzVgYJuo_iuYSBqEr4g,UCX_uGzVgYJuo_iuYSBqEr4g,UCX_uGzVgYJuo_iuYSBqEr4g,UCX_uGzVgYJuo_iuYSBqEr4g,UCX_uGzVgYJuo_iuYSBqEr4g,UCX_uGzVgYJuo_iuYSBqEr4g,UCX_uGzVgYJuo_iuYSBqEr4g,UCX_uGzVgYJuo_iuYSBqEr4g,UCX_uGzVgYJuo_iuYSBqEr4g,UCX_uGzVgYJuo_iuYSBqEr4g,UCX_uGzVgYJuo_iuYSBqEr4g,UCX_uGzVgYJuo_iuYSBqEr4g,UCX_uGzVgYJuo_iuYSBqEr4g,UCX_uGzVgYJuo_iuYSBqEr4g,UCX_uGzVgYJuo_iuYSBqEr4g,UCX_uGzVgYJuo_iuYSBqEr4g,UCX_uGzVgYJuo_iuYSBqEr4g,UCX_uGzVgYJuo_iuYSBqEr4g,UCX_uGzVgYJuo_iuYSBqEr4g,UCX_uGzVgYJuo_iuYSBqEr4g,UCX_uGzVgYJuo_iuYSBqEr4g,UCX_uGzVgYJuo_iuYSBqEr4g,UCX_uGzVgYJuo_iuYSBqEr4g,UCX_uGzVgYJuo_iuYSBqEr4g,UCX_uGzVgYJuo_iuYSBqEr4g,UCX_uGzVgYJuo_iuYSBqEr4g,UCX_uGzVgYJuo_iuYSBqEr4g,UCX_uGzVgYJuo_iuYSBqEr4g,UCBcVQr-07MH-p9e2kRTdB3A,UCBcVQr-07MH-p9e2kRTdB3A,UCBcVQr-07MH-p9e2kRTdB3A,UCBcVQr-07MH-p9e2kRTdB3A,UCBcVQr-07MH-p9e2kRTdB3A,UCBcVQr-07MH-p9e2kRTdB3A,UCBcVQr-07MH-p9e2kRTdB3A,UCBcVQr-07MH-p9e2kRTdB3A,UCBcVQr-07MH-p9e2kRTdB3A,UCBcVQr-07MH-p9e2kRTdB3A,UCBcVQr-07MH-p9e2kRTdB3A,UCBcVQr-07MH-p9e2kRTdB3A,UCBcVQr-07MH-p9e2kRTdB3A,UCBcVQr-07MH-p9e2kRTdB3A,UCBcVQr-07MH-p9e2kRTdB3A,UCBcVQr-07MH-p9e2kRTdB3A,UCBcVQr-07MH-p9e2kRTdB3A,UCBcVQr-07MH-p9e2kRTdB3A,UCBcVQr-07MH-p9e2kRTdB3A,UCBcVQr-07MH-p9e2kRTdB3A,UCBcVQr-07MH-p9e2kRTdB3A,UCBcVQr-07MH-p9e2kRTdB3A,UCBcVQr-07MH-p9e2kRTdB3A,UCBcVQr-07MH-p9e2kRTdB3A,UCBcVQr-07MH-p9e2kRTdB3A,UCBcVQr-07MH-p9e2kRTdB3A,UCBcVQr-07MH-p9e2kRTdB3A,UCBcVQr-07MH-p9e2kRTdB3A,UCBcVQr-07MH-p9e2kRTdB3A,UCBcVQr-07MH-p9e2kRTdB3A,UCBcVQr-07MH-p9e2kRTdB3A,UCBcVQr-07MH-p9e2kRTdB3A,UCBcVQr-07MH-p9e2kRTdB3A,UCBcVQr-07MH-p9e2kRTdB3A,UCBcVQr-07MH-p9e2kRTdB3A,UCBcVQr-07MH-p9e2kRTdB3A,UCBcVQr-07MH-p9e2kRTdB3A,UCBcVQr-07MH-p9e2kRTdB3A,UCBcVQr-07MH-p9e2kRTdB3A,UCBcVQr-07MH-p9e2kRTdB3A,UCBcVQr-07MH-p9e2kRTdB3A,UCBcVQr-07MH-p9e2kRTdB3A,UCBcVQr-07MH-p9e2kRTdB3A,UCBcVQr-07MH-p9e2kRTdB3A,UCBcVQr-07MH-p9e2kRTdB3A,UCBcVQr-07MH-p9e2kRTdB3A,UCBcVQr-07MH-p9e2kRTdB3A,UCBcVQr-07MH-p9e2kRTdB3A,UCBcVQr-07MH-p9e2kRTdB3A,UCBcVQr-07MH-p9e2kRTdB3A,UCBcVQr-07MH-p9e2kRTdB3A,UCBcVQr-07MH-p9e2kRTdB3A,UCBcVQr-07MH-p9e2kRTdB3A,UCBcVQr-07MH-p9e2kRTdB3A,UCBcVQr-07MH-p9e2kRTdB3A,UCBcVQr-07MH-p9e2kRTdB3A,UCBcVQr-07MH-p9e2kRTdB3A,UCBcVQr-07MH-p9e2kRTdB3A,UCBcVQr-07MH-p9e2kRTdB3A,UCBcVQr-07MH-p9e2kRTdB3A,UCBcVQr-07MH-p9e2kRTdB3A,UCkptqe5qMgYLy3GIf3c3eiw,UC_H5eI8VcRh7EZEXIwdRqyw,UCrNp4ObGLcWA_Z0sS0y4bXw,UC_H5eI8VcRh7EZEXIwdRqyw,UCX_uGzVgYJuo_iuYSBqEr4g,UCeULI8Xj63EEMoZ-KaEzDMg,UCnGueQhAzo7ggFxsyS-2Qkw,UC_H5eI8VcRh7EZEXIwdRqyw,UCnGueQhAzo7ggFxsyS-2Qkw,UCnGueQhAzo7ggFxsyS-2Qkw,UCPyLRffaWqrwzX1lyMlVvoA,UCeqSAzZVmY0G0ZwGzEIFI3Q,UCJZeLglVdhzrHqUHIEesPxw,UC_H5eI8VcRh7EZEXIwdRqyw,UCNuWCBM-4pn582kUg0BVexw,UCNuWCBM-4pn582kUg0BVexw,UCRFiUWfTlbK4wpYA9R5k9Mg,UCXIupuXxw8LeL3VXBDBbVlw,UCJZeLglVdhzrHqUHIEesPxw,UC1foblfNJHkG7J0iG4yPegw,UCX_uGzVgYJuo_iuYSBqEr4g,UCNIva-AQ03P2XWZF0IQATkg,UC3pUtmx7a45Gt6CZy2Db3eg,UC3pUtmx7a45Gt6CZy2Db3eg,UCsr3RsvT2MU2gnV_zIiiFGw,UCsr3RsvT2MU2gnV_zIiiFGw,UCsr3RsvT2MU2gnV_zIiiFGw,UCNuWCBM-4pn582kUg0BVexw,UCNuWCBM-4pn582kUg0BVexw,UCX_uGzVgYJuo_iuYSBqEr4g,UCsjkiFRwAJib7oaYqJq31-g,UCk0xpfrrpSZJF1qJtIun4hg,UCk0xpfrrpSZJF1qJtIun4hg,UCk0xpfrrpSZJF1qJtIun4hg,UCk0xpfrrpSZJF1qJtIun4hg,UCk0xpfrrpSZJF1qJtIun4hg,UCk0xpfrrpSZJF1qJtIun4hg,UCk0xpfrrpSZJF1qJtIun4hg,UCk0xpfrrpSZJF1qJtIun4hg,UCk0xpfrrpSZJF1qJtIun4hg,UCk0xpfrrpSZJF1qJtIun4hg,UCk0xpfrrpSZJF1qJtIun4hg,UCk0xpfrrpSZJF1qJtIun4hg,UCk0xpfrrpSZJF1qJtIun4hg,UCk0xpfrrpSZJF1qJtIun4hg,UCk0xpfrrpSZJF1qJtIun4hg,UCk0xpfrrpSZJF1qJtIun4hg,UCk0xpfrrpSZJF1qJtIun4hg,UCk0xpfrrpSZJF1qJtIun4hg,UCk0xpfrrpSZJF1qJtIun4hg,UCzgT31gAT2UnEvKCppv9xPg,UCzgT31gAT2UnEvKCppv9xPg,UCzgT31gAT2UnEvKCppv9xPg,UCu38ERP0F864NzSKM4mU9Kg,UCsYwtnYBrMDituD9n8vyKJQ,UCsYwtnYBrMDituD9n8vyKJQ,UCsYwtnYBrMDituD9n8vyKJQ]"
17,Moscow,,Russia,RUS,Europe,55.750446,37.617494,504.808,10381222.0,144104080,12.0,100.0,171.0,0.0,37.5,173.7,[QgGTTYYAxLg],"[[0, 0]]","[[65, 884]]","[[774, 1425]]",[0],"[19102023,19032020,08032020,01062019,04062022,None,13082020,11062023,23052023,10052024,19052023,19092024,16102021,12072023,26062023,9042020,17102022,27102022,30102022,15112022,19112022,19122022,23122022,11112021,22122023,1012024,5052024,8082024,20022024,10102023,25062023,11012022,10032022,27042017,28032021,27022021,23022021,4042021,5012022,21062022,21082022,30012022,18042021,11092017,6022018,21062021,2012023,31032023]",[0],"[UCztGWBapEqYd9qsRPBSzzxA,UCDA38HtNUTpGoV2fC-u8Epw,UCOVzAZvTQQPubSCL5luS5qQ,UCBhn7Klm6chRdKZ2l96Q40A,UCvJsBiW4oecXEjeLVh5PjPw,None,UCtIDvZ-YITQvoWRTrGQlV7A,UCvneiOWpzfp0Z1EajmespTg,UCHVmRDrnMDszLahFN5mRXVw,UC2NzNlsPRyXYAl3HP_BgCuA,UCsBMppOS2HXaI4uMzpktWfw,UC4GPvKkMxkOoXf6_ZG3RkNw,UCE4V05fhQj0ChrJxW3353Pw,UCvneiOWpzfp0Z1EajmespTg,UCvneiOWpzfp0Z1EajmespTg,UCztGWBapEqYd9qsRPBSzzxA,UCIYKu5xkhmylEt1eIU-BSpA,UCIYKu5xkhmylEt1eIU-BSpA,UCIYKu5xkhmylEt1eIU-BSpA,UCIYKu5xkhmylEt1eIU-BSpA,UCIYKu5xkhmylEt1eIU-BSpA,UCIYKu5xkhmylEt1eIU-BSpA,UCIYKu5xkhmylEt1eIU-BSpA,UCtnMDeltXRWetHfOTUsUy6Q,UCtnMDeltXRWetHfOTUsUy6Q,UCtnMDeltXRWetHfOTUsUy6Q,UC4GPvKkMxkOoXf6_ZG3RkNw,UCXMSWx7P1UQP93NSwFHGSgA,UCO6EHdtmStKQZ4pRRrR_UJw,UCO6EHdtmStKQZ4pRRrR_UJw,UCtnMDeltXRWetHfOTUsUy6Q,UCtnMDeltXRWetHfOTUsUy6Q,UCGI6yK6DykeVeoSVkkuHYUA,UCXOh4ds6DntCfoXh1vi82xg,UCEhgOw11GHjYPyp8Ns-fESA,UCEhgOw11GHjYPyp8Ns-fESA,UCEhgOw11GHjYPyp8Ns-fESA,UCEhgOw11GHjYPyp8Ns-fESA,UCtnMDeltXRWetHfOTUsUy6Q,UCeX8IcQGXzKzUx0JKye7RiA,UCvJsBiW4oecXEjeLVh5PjPw,UCtnMDeltXRWetHfOTUsUy6Q,UCZ0CxXGjuZjpHdsXJdiLhaQ,UCZ0CxXGjuZjpHdsXJdiLhaQ,UCyqtBdpK13zqjVPRU69QnaA,UCQZwjfk9tocDZoNYMjY6mKQ,UC2A0NmNFtT7IVH1Z9IxYEdw,UCtnMDeltXRWetHfOTUsUy6Q]"
18,Seoul,,South Korea,KOR,Asia,37.5545547,126.9707793,878.535,10349312.0,51780579,8.6,99.0,169.3,0.0,32.9,148.4,"[bMydG1xiHzc,ZdwHjHIC7jA,Ab9FMZ2pKeI,vqJYr30JYQU,fFCY7gCbmrk,F8Q7dMU5HxQ,eKxw3X8T7QY,lDKClBgwhzQ,IFIa0zEuJhs,XxwJc1Ryi3U,fizk4P3i0IE,pwCFBRNkWL0,0EChOMPZQ6A,SyW1by8mKj8,orNwabuhbTc,mHRGUcRTG1s,piBcLcP2SOY,6aKR2eVQuBc,CoNFfznLdDY,zW3sh57bNMI,Km7QJLub20w,ry89OLVKVBI,zmOkSbVk0_c,WeodfiwOfc0,j4HeYRis6jU,fcEGua5qfRY,HZMLr65v87g,Z3byEb8GVsI,Ckm_bKxpI-k,lz1F2c3I-Zs,k3GKfzO2AMY,lRboIYj44vQ,wv_6BEqiRAY,_2mnhp2hxMI,BlZSrUHsu3c,ps8SHefVQh4,HKXQKbA1-XU,EPfvG0jWLJ4,YUbpmWjh8tg,5ptiw028Eho,EvTKmjKZr0A]","[[0], [0], [0], [1, 1, 1, 1, 1, 1], [0, 1, 1, 1, 1, 1], [0, 1, 1, 1, 1, 1, 1, 1, 1, 1], [0, 0, 0, 1, 1, 1, 1, 1, 1, 1, 1, 1], [0, 0, 1, 1, 1], [0, 1, 1, 1], [0, 0, 1, 1], [0, 0, 1], [0, 1, 1, 1], [0, 0, 1], [0, 0, 1, 1, 1, 1], [0, 1, 1, 1, 1], [1, 1, 1], [0, 1, 1, 1, 1, 1, 1], [0, 0, 1, 1], [0, 1], [0, 1, 1, 1, 1], [1, 1, 1, 1, 1, 1, 1], [0, 0, 1, 1, 1, 1, 1, 1], [0, 0, 1, 1, 1, 1, 1, 1, 1], [0, 0, 0, 0, 1, 1, 1], [0, 0, 1, 1, 1, 1, 1, 1, 1], [0, 0, 1, 1, 1, 1, 1, 1], [0, 0, 0, 1, 1, 1, 1, 1, 1, 1, 1, 1, 1], [0, 0, 0, 1, 1, 1, 1, 1, 1, 1, 1], [0, 0, 0, 0, 1, 1], [0, 0, 1, 1, 1, 1], [0, 0, 1, 1, 1, 1, 1, 1, 1], [0, 0, 0, 1, 1, 1, 1, 1, 1, 1, 1], [1, 1, 1, 1, 1, 1, 1, 1], [0, 0, 1, 1, 1, 1, 1, 1, 1], [1, 1, 1, 1, 1, 1, 1, 1, 1], [0, 1, 1, 1, 1, 1, 1, 1, 1, 1, 1], [0, 0, 1, 1, 1, 1, 1, 1, 1], [0, 1, 1, 1, 1, 1, 1, 1, 1, 1, 1, 1, 1], [0, 0, 1, 1, 1, 1, 1, 1, 1, 1, 1, 1, 1, 1], [1, 1, 1, 1], [1, 1, 1]]","[[134], [118], [5], [5400, 11016, 14647, 15615, 17041, 20765], [499, 3061, 5420, 7341, 8940, 9343], [91, 4543, 7950, 13272, 17261, 19460, 20408, 20756, 22569, 23793], [112, 667, 2552, 4994, 5825, 15205, 19442, 22353, 23321, 25284, 27146, 27346], [113, 5374, 7177, 8863, 16470], [90, 16929, 23655, 26755], [27, 8518, 12154, 23384], [160, 4696, 8390], [320, 7365, 15463, 20068], [55, 14753, 18689], [64, 18213, 20933, 26197, 30763, 35723], [110, 1860, 8575, 9893, 20958], [25, 436, 8495], [80, 5917, 7706, 13720, 17531, 24045, 29250], [89, 5082, 6809, 17841], [80, 5292], [140, 3446, 18558, 30909, 33386], [60, 4396, 7259, 12707, 13845, 15940, 18043], [135, 2786, 4470, 4935, 13604, 14812, 19691, 25653], [109, 2043, 4234, 12497, 14741, 17916, 18672, 30017, 33383], [98, 1596, 5409, 6975, 11046, 18718, 25356], [172, 9503, 10953, 17806, 19175, 22526, 27217, 28740, 34042], [42, 3391, 6985, 12680, 13275, 19897, 20592, 22132], [121, 2720, 4968, 5137, 6762, 9154, 12925, 13508, 13662, 15859, 24689, 26009, 28518], [103, 1539, 2934, 6812, 8266, 12825, 15520, 23717, 24978, 26339, 31639], [95, 1742, 4584, 9925, 12167, 16468], [136, 5682, 6437, 13306, 19035, 25174], [65, 4705, 7428, 18673, 20263, 21999, 22201, 22871, 23510], [176, 5305, 5500, 6487, 7336, 18455, 19278, 26188, 28975, 30424, 31857], [86, 7833, 9471, 10400, 15793, 16408, 20050, 22447], [233, 2995, 4543, 7138, 8778, 17950, 18825, 21530, 30876], [325, 2050, 3107, 14460, 16391, 17691, 21125, 25361, 26405], [110, 8080, 8992, 12920, 13746, 14940, 18312, 21776, 27878, 30605, 32320], [155, 799, 2548, 4567, 10195, 11353, 12863, 14348, 16492], [92, 2789, 5358, 5972, 9002, 9826, 10684, 12153, 14286, 15825, 16779, 22559, 26028], [140, 4394, 6105, 9252, 12988, 15419, 15694, 16125, 16540, 18487, 20224, 21576, 32060, 33626], [0, 6378, 13279, 17411], [86, 6669, 15377]]","[[1540], [1915], [2010], [10477, 13801, 14964, 15941, 20335, 21832], [1248, 5215, 5707, 7790, 9193, 9485], [1295, 6571, 13033, 17110, 18452, 20141, 20618, 21260, 23266, 26815], [174, 2511, 4993, 5247, 13139, 17500, 21403, 22960, 25199, 26791, 27173, 27384], [4516, 6118, 8602, 15260, 16539], [16819, 23219, 25872, 34572], [7825, 11835, 21838, 24423], [4500, 8267, 9557], [7364, 12931, 19611, 24540], [14146, 17958, 35365], [17415, 20932, 25257, 30179, 34389, 42449], [1838, 7020, 9613, 13286, 24460], [360, 8385, 11170], [5787, 6430, 11340, 16601, 23961, 26798, 33094], [3862, 6776, 17030, 19747], [5232, 25692], [3337, 16977, 30775, 33310, 34131], [4332, 7163, 12569, 13323, 14449, 16336, 19602], [2460, 4428, 4788, 11469, 14512, 17376, 24799, 25751], [1732, 4233, 10730, 14019, 17869, 18508, 27906, 33108, 33527], [1443, 3049, 6875, 8749, 18063, 23108, 26701], [8256, 10952, 16785, 18236, 21730, 26853, 27783, 33749, 36777], [3193, 6984, 12545, 13010, 18510, 20395, 21310, 30088], [1956, 4276, 4999, 6634, 8736, 12431, 13034, 13549, 15314, 24590, 25725, 26701, 28647], [1357, 2425, 5860, 7916, 11244, 15327, 23179, 24050, 25833, 30860, 32229], [1660, 4492, 9485, 11018, 16121, 17194], [4731, 6436, 10525, 14492, 19345, 25442], [4492, 7427, 18584, 18694, 20665, 22115, 22690, 23183, 25259], [4978, 5419, 6360, 6900, 16390, 18944, 25155, 27403, 30050, 31155, 32658], [2635, 8496, 10228, 14747, 16303, 19587, 21466, 22682], [2565, 4542, 6634, 8744, 17276, 18731, 20735, 23979, 30897], [1526, 2943, 13119, 16148, 16605, 20383, 22280, 25730, 27060], [8079, 8827, 10414, 13492, 14718, 15729, 19160, 26532, 30180, 32197, 32409], [487, 1923, 4444, 8656, 10480, 11578, 13091, 15686, 19842], [2750, 4341, 5717, 6857, 9630, 9866, 10894, 13839, 15740, 16533, 21790, 22976, 26865], [4364, 5635, 9155, 12905, 14368, 15668, 15932, 16286, 16937, 19409, 21445, 31772, 33492, 36808], [5660, 12875, 13963, 21798], [6537, 14524, 20613]]","[0, 0, 0, 0, 0, 0, 0, 0, 0, 0, 0, 0, 0, 0, 0, 0, 0, 0, 0, 0, 0, 0, 0, 0, 0, 0, 0, 0, 0, 0, 0, 0, 0, 0, 0, 0, 0, 0, 0, 0, 0]","[None, None, None, 6072025, 4072025, 3072025, 2072025, 1072025, 30062025, 29062025, 29062025, 27062025, 26062025, 25062025, 24062025, 21062025, 20062025, 18062025, 15062025, 14062025, 13062025, 13062025, 12062025, 10062025, 9062025, 8062025, 7062025, 6062025, 4062025, 3062025, 1062025, 31052025, 30052025, 30052025, 28052025, 27052025, 26052025, 24052025, 23052025, 23052025, 18072025]","[0, 0, 0, 30, 0, 0, 0, 0, 0, 0, 0, 0, 0, 0, 0, 0, 0, 0, 0, 0, 0, 0, 0, 0, 0, 0, 0, 0, 0, 0, 0, 0, 0, 0, 0, 0, 0, 0, 0, 0, 0]","[UCBcVQr-07MH-p9e2kRTdB3A,None,None,None,UCBcVQr-07MH-p9e2kRTdB3A,UCSZXwdBppzhYpcqf69WNOIg,UCSZXwdBppzhYpcqf69WNOIg,UCBcVQr-07MH-p9e2kRTdB3A,UCBcVQr-07MH-p9e2kRTdB3A,UCBcVQr-07MH-p9e2kRTdB3A,UCBcVQr-07MH-p9e2kRTdB3A,UCBcVQr-07MH-p9e2kRTdB3A,UCJzvjkOXzP9LAtLMmI23oog,UCJzvjkOXzP9LAtLMmI23oog,UCJzvjkOXzP9LAtLMmI23oog,UCJzvjkOXzP9LAtLMmI23oog,UCJzvjkOXzP9LAtLMmI23oog,UCdAHrkw0MAo7jZaGOKzAR2w,UCdAHrkw0MAo7jZaGOKzAR2w,UCdAHrkw0MAo7jZaGOKzAR2w,UCdAHrkw0MAo7jZaGOKzAR2w,UCdAHrkw0MAo7jZaGOKzAR2w,UCdAHrkw0MAo7jZaGOKzAR2w,UCdAHrkw0MAo7jZaGOKzAR2w,UCdAHrkw0MAo7jZaGOKzAR2w,UCdAHrkw0MAo7jZaGOKzAR2w,UCdAHrkw0MAo7jZaGOKzAR2w,UCdAHrkw0MAo7jZaGOKzAR2w,UCdAHrkw0MAo7jZaGOKzAR2w,UCdAHrkw0MAo7jZaGOKzAR2w,UCdAHrkw0MAo7jZaGOKzAR2w,UCdAHrkw0MAo7jZaGOKzAR2w,UCdAHrkw0MAo7jZaGOKzAR2w,UCdAHrkw0MAo7jZaGOKzAR2w,UCdAHrkw0MAo7jZaGOKzAR2w,UCdAHrkw0MAo7jZaGOKzAR2w,UCdAHrkw0MAo7jZaGOKzAR2w,UCdAHrkw0MAo7jZaGOKzAR2w,UCdAHrkw0MAo7jZaGOKzAR2w,UCdAHrkw0MAo7jZaGOKzAR2w,UCdAHrkw0MAo7jZaGOKzAR2w,UCdAHrkw0MAo7jZaGOKzAR2w,UCdAHrkw0MAo7jZaGOKzAR2w,UCdAHrkw0MAo7jZaGOKzAR2w,UCdAHrkw0MAo7jZaGOKzAR2w,UCdAHrkw0MAo7jZaGOKzAR2w,UCdAHrkw0MAo7jZaGOKzAR2w,UCdAHrkw0MAo7jZaGOKzAR2w,UCdAHrkw0MAo7jZaGOKzAR2w,UCdAHrkw0MAo7jZaGOKzAR2w,UCdAHrkw0MAo7jZaGOKzAR2w,UCdAHrkw0MAo7jZaGOKzAR2w,UCdAHrkw0MAo7jZaGOKzAR2w,UCdAHrkw0MAo7jZaGOKzAR2w,UCdAHrkw0MAo7jZaGOKzAR2w,UCdAHrkw0MAo7jZaGOKzAR2w,UCdAHrkw0MAo7jZaGOKzAR2w,UCdAHrkw0MAo7jZaGOKzAR2w,UCdAHrkw0MAo7jZaGOKzAR2w,UCdAHrkw0MAo7jZaGOKzAR2w,UCdAHrkw0MAo7jZaGOKzAR2w]"
32,Dubai,,United Arab Emirates,ARE,Asia,25.07428235,55.18853865,202.8,3478300.0,9890400,8.9,98.0,167.3,35.7,26.4,166.3,[bKslcktPurE],[[1]],[[1144]],[[1980]],[0],[29032025],[30],"[UCBcVQr-07MH-p9e2kRTdB3A,UCrzS-oNwWlnCtdtsdcPMmiA,UCBcVQr-07MH-p9e2kRTdB3A,UC12FUHVhwpC5lMYsMPMbmyg,UCrzS-oNwWlnCtdtsdcPMmiA,UCrzS-oNwWlnCtdtsdcPMmiA,UC2s4RE3zutDyS0Ibq06S7Gw,UCXENQjY7OJQzDr1hPC4phHA,UCXENQjY7OJQzDr1hPC4phHA,UCBcVQr-07MH-p9e2kRTdB3A,UCBcVQr-07MH-p9e2kRTdB3A,UCBcVQr-07MH-p9e2kRTdB3A,UCBcVQr-07MH-p9e2kRTdB3A,UCBcVQr-07MH-p9e2kRTdB3A,UCBcVQr-07MH-p9e2kRTdB3A,UCBcVQr-07MH-p9e2kRTdB3A,UCBcVQr-07MH-p9e2kRTdB3A,UCBcVQr-07MH-p9e2kRTdB3A,UCBcVQr-07MH-p9e2kRTdB3A,UCBcVQr-07MH-p9e2kRTdB3A,UCrzS-oNwWlnCtdtsdcPMmiA,UCq8QA_62PxbZgqgJWtFgK0Q,UCBfjqafJpPEmoyo2Xt1v14Q]"
36,Copenhagen,,Denmark,DNK,Europe,55.686724,12.570072,179.846,1153615.0,5831404,3.7,99.0,175.7,42.2,28.3,85.6,[0S_YhLT9qwfQ],[[0]],[[0]],[[2421]],[0],"[06072022,None,10112024,03112024,27102024,29092024,06102024,13102024,22092024,26052024,31032024,17032024,08032024,09032024,10032024,15032024,07032024,06032024,05032024,04032024,02032024,03032024,27022024,26022024,25022024,22022024,24022024,20022024,19022024,18022024,13022024,14022024,16022024,12022024,11022024,10022024,09022024,06022024,07022024,08022024,04022024,03022024,02022024,28012024,24092023,17092023,10092023,01102023,15102023,22102023,29102023,17122023,16122023,14122023,27012024,15012024,07012024,04012024,22012024,21012024,20012024,14012024,04082024,01022024,15092024,22062025]",[0],"[UCpeibtt-h7om-DqDMIKWI7Q,None,UCpeibtt-h7om-DqDMIKWI7Q,UCpeibtt-h7om-DqDMIKWI7Q,UCpeibtt-h7om-DqDMIKWI7Q,UCpeibtt-h7om-DqDMIKWI7Q,UCpeibtt-h7om-DqDMIKWI7Q,UCpeibtt-h7om-DqDMIKWI7Q,UCpeibtt-h7om-DqDMIKWI7Q,UCpeibtt-h7om-DqDMIKWI7Q,UCpeibtt-h7om-DqDMIKWI7Q,UCpeibtt-h7om-DqDMIKWI7Q,UCpeibtt-h7om-DqDMIKWI7Q,UCpeibtt-h7om-DqDMIKWI7Q,UCpeibtt-h7om-DqDMIKWI7Q,UCpeibtt-h7om-DqDMIKWI7Q,UCpeibtt-h7om-DqDMIKWI7Q,UCpeibtt-h7om-DqDMIKWI7Q,UCpeibtt-h7om-DqDMIKWI7Q,UCpeibtt-h7om-DqDMIKWI7Q,UCpeibtt-h7om-DqDMIKWI7Q,UCpeibtt-h7om-DqDMIKWI7Q,UCpeibtt-h7om-DqDMIKWI7Q,UCpeibtt-h7om-DqDMIKWI7Q,UCpeibtt-h7om-DqDMIKWI7Q,UCpeibtt-h7om-DqDMIKWI7Q,UCpeibtt-h7om-DqDMIKWI7Q,UCpeibtt-h7om-DqDMIKWI7Q,UCpeibtt-h7om-DqDMIKWI7Q,UCpeibtt-h7om-DqDMIKWI7Q,UCpeibtt-h7om-DqDMIKWI7Q,UCpeibtt-h7om-DqDMIKWI7Q,UCpeibtt-h7om-DqDMIKWI7Q,UCpeibtt-h7om-DqDMIKWI7Q,UCpeibtt-h7om-DqDMIKWI7Q,UCpeibtt-h7om-DqDMIKWI7Q,UCpeibtt-h7om-DqDMIKWI7Q,UCpeibtt-h7om-DqDMIKWI7Q,UCpeibtt-h7om-DqDMIKWI7Q,UCpeibtt-h7om-DqDMIKWI7Q,UCpeibtt-h7om-DqDMIKWI7Q,UCpeibtt-h7om-DqDMIKWI7Q,UCpeibtt-h7om-DqDMIKWI7Q,UCpeibtt-h7om-DqDMIKWI7Q,UCpeibtt-h7om-DqDMIKWI7Q,UCpeibtt-h7om-DqDMIKWI7Q,UCpeibtt-h7om-DqDMIKWI7Q,UCpeibtt-h7om-DqDMIKWI7Q,UCpeibtt-h7om-DqDMIKWI7Q,UCpeibtt-h7om-DqDMIKWI7Q,UCpeibtt-h7om-DqDMIKWI7Q,UCpeibtt-h7om-DqDMIKWI7Q,UCpeibtt-h7om-DqDMIKWI7Q,UCpeibtt-h7om-DqDMIKWI7Q,UCpeibtt-h7om-DqDMIKWI7Q,UCpeibtt-h7om-DqDMIKWI7Q,UCpeibtt-h7om-DqDMIKWI7Q,UCpeibtt-h7om-DqDMIKWI7Q,UCpeibtt-h7om-DqDMIKWI7Q,UCpeibtt-h7om-DqDMIKWI7Q,UCpeibtt-h7om-DqDMIKWI7Q,UCpeibtt-h7om-DqDMIKWI7Q,UCrzS-oNwWlnCtdtsdcPMmiA,UCpeibtt-h7om-DqDMIKWI7Q,UCpeibtt-h7om-DqDMIKWI7Q,UC-bg0HIUZYBuKdSqeg2qoPw]"
68,Seattle,WA,United States,USA,North America,47.6038321,-122.330062,517.803,737015.0,329484123,12.7,86.0,170.1,38.5,41.3,151.1,[Nyk4ySw5QXs],[[0]],[[67]],[[2530]],[0],"[12102018,04012024,17092023,None,23042025,20112024,25012025,22012025,27042021,29112015,5052021,22052021,12092023,12102020,30052025]",[0],"[UCQ-JKqNo_T0yoeDZff1y7Kw,UChv3DmLA2hH-d93bGgqjMLg,UChv3DmLA2hH-d93bGgqjMLg,None,UCX_uGzVgYJuo_iuYSBqEr4g,UCX_uGzVgYJuo_iuYSBqEr4g,UCBcVQr-07MH-p9e2kRTdB3A,UCBcVQr-07MH-p9e2kRTdB3A,UCBcVQr-07MH-p9e2kRTdB3A,UCBcVQr-07MH-p9e2kRTdB3A,UCfIVLTcrivAwQzg-nrfcQeQ,UCBH-8J3DCemqYl9Z4r1lFsw,UC5H_iqqpbFH_jdLLfZ_0YIQ,UC3pUtmx7a45Gt6CZy2Db3eg,UC0H-Sa4Ua_wWGYMmc6ITpRg]"
71,Portland,OR,United States,USA,North America,45.5202471,-122.674194,204.319,652503.0,329484123,12.7,86.0,170.1,38.5,41.3,151.1,[mFE5jn4MyTs],[[0]],[[64]],[[3386]],[0],[None],[0],"[UChv3DmLA2hH-d93bGgqjMLg,UChv3DmLA2hH-d93bGgqjMLg,UChv3DmLA2hH-d93bGgqjMLg,UChv3DmLA2hH-d93bGgqjMLg,UChv3DmLA2hH-d93bGgqjMLg,None,UChv3DmLA2hH-d93bGgqjMLg,UChv3DmLA2hH-d93bGgqjMLg,UChv3DmLA2hH-d93bGgqjMLg,UCX_uGzVgYJuo_iuYSBqEr4g,UCBcVQr-07MH-p9e2kRTdB3A,UChv3DmLA2hH-d93bGgqjMLg,UC0H-Sa4Ua_wWGYMmc6ITpRg,UCk0xpfrrpSZJF1qJtIun4hg,UCk0xpfrrpSZJF1qJtIun4hg]"
76,San Antonio,TX,United States,USA,North America,29.4246002,-98.4951405,163.061,1434625.0,329484123,12.7,86.0,170.1,38.5,41.3,151.1,[BeSoDontuQo],[[0]],[[18]],[[1253]],[0],[None],[0],"[UChv3DmLA2hH-d93bGgqjMLg,UChcPPozD-LOPyLt3La41yCA,UChcPPozD-LOPyLt3La41yCA,UChcPPozD-LOPyLt3La41yCA,UChcPPozD-LOPyLt3La41yCA,None,UCBcVQr-07MH-p9e2kRTdB3A,UCBcVQr-07MH-p9e2kRTdB3A,UCzgT31gAT2UnEvKCppv9xPg]"
78,Salt Lake City,UT,United States,USA,North America,40.7596198,-111.886797,135.409,192672.0,329484123,12.7,86.0,170.1,38.5,41.3,151.1,"[TJcXzdB-sqQ,y2iGUHl-5Eg,AkDF2kxfcDY,d_WuEG7NQEg]","[[0], [0], [0], [0]]","[[0], [5], [38], [22]]","[[3113], [1081], [3640], [3823]]","[0, 0, 0, 0]","[None, None, None, None]","[0, 0, 0, 0]","[UChv3DmLA2hH-d93bGgqjMLg,None,UChcPPozD-LOPyLt3La41yCA,None,None,None,UCX_uGzVgYJuo_iuYSBqEr4g,UCBcVQr-07MH-p9e2kRTdB3A,UCBcVQr-07MH-p9e2kRTdB3A,UC0H-Sa4Ua_wWGYMmc6ITpRg,UCk0xpfrrpSZJF1qJtIun4hg]"
79,Houston,TX,United States,USA,North America,29.7589382,-95.3676974,633.184,2304580.0,329484123,12.7,86.0,170.1,38.5,41.3,151.1,[AdYYTIiWceo],[[0]],[[15]],[[2031]],[0],[None],[0],"[None,UCJUYq5aap-Gq-HFo5U6KJHA,UCJUYq5aap-Gq-HFo5U6KJHA,UCJUYq5aap-Gq-HFo5U6KJHA,UCJUYq5aap-Gq-HFo5U6KJHA,UCJUYq5aap-Gq-HFo5U6KJHA,UCJUYq5aap-Gq-HFo5U6KJHA,UCJUYq5aap-Gq-HFo5U6KJHA,UCJUYq5aap-Gq-HFo5U6KJHA,UCJUYq5aap-Gq-HFo5U6KJHA,UCJUYq5aap-Gq-HFo5U6KJHA,UCJUYq5aap-Gq-HFo5U6KJHA,UCBcVQr-07MH-p9e2kRTdB3A,UCBcVQr-07MH-p9e2kRTdB3A,UCBcVQr-07MH-p9e2kRTdB3A,UCBcVQr-07MH-p9e2kRTdB3A,UCBcVQr-07MH-p9e2kRTdB3A,UCzgT31gAT2UnEvKCppv9xPg]"
108,Tianjin,,China,CHN,Asia,39.07361905,117.169458,243.0,11090314.0,1402112000,17.4,97.0,169.6,39.8,35.7,146.7,[JHpKb8QQtOo],[[1]],[[62]],[[5062]],[0],[14042023],[60],[UCjfciUxB1yhhP_OlZ3CD44g]
109,Zhengzhou,,China,CHN,Asia,34.7533392,113.6599983,192.0,4253913.0,1402112000,17.4,97.0,169.6,39.8,35.7,146.7,[wkpZ7zcYjz8],[[1]],[[75]],[[7239]],[0],[15032023],[60],[UCjfciUxB1yhhP_OlZ3CD44g]
110,Wuhan,,China,CHN,Asia,30.53735405,114.3615203,281.0,10392693.0,1402112000,17.4,97.0,169.6,39.8,35.7,146.7,[gKaSXK6yC1U],[[1]],[[107]],[[12205]],[0],[23032023],[60],[UCjfciUxB1yhhP_OlZ3CD44g]
112,Guiyang,,China,CHN,Asia,26.581411,106.705254,62.511,3037159.0,1402112000,17.4,97.0,169.6,39.8,35.7,146.7,[v2mU_-ngq94],[[1]],[[68]],[[7617]],[0],[19012023],[60],[UCjfciUxB1yhhP_OlZ3CD44g]
113,Guangzhou,,China,CHN,Asia,23.1301964,113.2592945,429.0,16096724.0,1402112000,17.4,97.0,169.6,39.8,35.7,146.7,[EXy9LDHj3QE],[[1]],[[109]],[[9153]],[0],[16012023],[60],[UCjfciUxB1yhhP_OlZ3CD44g]
116,San Francisco,CA,United States,USA,North America,37.7792588,-122.4193286,1383.0,864816.0,329484123,12.7,86.0,170.1,38.5,41.3,151.1,"[QmAvjLceVIY,6F6YWRjHD0Y,fGXu8iFd-z8,smY9YV8s-K0,7__WPREFla4,hF_Rm05wbrw,zlgbs0tD4lE]","[[1], [0], [0], [0], [0], [0], [0]]","[[4060], [26], [25], [25], [25], [25], [0]]","[[5532], [2863], [2048], [2046], [1843], [2393], [3367]]","[0, 0, 0, 0, 0, 0, 0]","[29112023, 16032024, 23122023, 17112023, 18102023, 15042023, 27012024]","[60, 30, 30, 30, 30, 30, 30]","[UCX_uGzVgYJuo_iuYSBqEr4g,UChcPPozD-LOPyLt3La41yCA,UChcPPozD-LOPyLt3La41yCA,UChcPPozD-LOPyLt3La41yCA,UChcPPozD-LOPyLt3La41yCA,UChcPPozD-LOPyLt3La41yCA,UCO_zxQAruqOxvRrT0bjISvg,UC2Alm9dKXWmgQBrrlWct9fg,UC2Alm9dKXWmgQBrrlWct9fg,UCNVadYxHqNZ3PmtTUV_RUmA,UCX_uGzVgYJuo_iuYSBqEr4g,UCX_uGzVgYJuo_iuYSBqEr4g,UCX_uGzVgYJuo_iuYSBqEr4g,UCBcVQr-07MH-p9e2kRTdB3A,UCBcVQr-07MH-p9e2kRTdB3A,UCBcVQr-07MH-p9e2kRTdB3A,UCBcVQr-07MH-p9e2kRTdB3A,UCBcVQr-07MH-p9e2kRTdB3A,UCBcVQr-07MH-p9e2kRTdB3A,UCBcVQr-07MH-p9e2kRTdB3A,UCBcVQr-07MH-p9e2kRTdB3A,UCBcVQr-07MH-p9e2kRTdB3A,UCBcVQr-07MH-p9e2kRTdB3A,UCBcVQr-07MH-p9e2kRTdB3A,UCBcVQr-07MH-p9e2kRTdB3A,UCBcVQr-07MH-p9e2kRTdB3A,UCBcVQr-07MH-p9e2kRTdB3A,UCBcVQr-07MH-p9e2kRTdB3A,UCBcVQr-07MH-p9e2kRTdB3A,UCBcVQr-07MH-p9e2kRTdB3A,UCBcVQr-07MH-p9e2kRTdB3A,UCBcVQr-07MH-p9e2kRTdB3A,UCBcVQr-07MH-p9e2kRTdB3A,UCBcVQr-07MH-p9e2kRTdB3A,UChcPPozD-LOPyLt3La41yCA,UCk0xpfrrpSZJF1qJtIun4hg,UCk0xpfrrpSZJF1qJtIun4hg,UCk0xpfrrpSZJF1qJtIun4hg,UCk0xpfrrpSZJF1qJtIun4hg,UCk0xpfrrpSZJF1qJtIun4hg,UCk0xpfrrpSZJF1qJtIun4hg]"
117,Fukuoka,,Japan,JPN,Asia,33.5725985,130.3916912,182.952,1612392.0,125836021,3.6,99.0,158.5,49.5,32.9,143.7,"[ZCwxNS3Cu7A,m21k7xn34pA]","[[0], [0, 0]]","[[51], [51, 2700]]","[[4489], [1324, 3660]]","[0, 0]","[18112023, 14072023]","[60, 60]","[UC12FUHVhwpC5lMYsMPMbmyg,UC12FUHVhwpC5lMYsMPMbmyg]"
118,Raleigh,NC,United States,USA,North America,35.7803977,-78.6390989,119.675,451066.0,329484123,12.7,86.0,170.1,38.5,41.3,151.1,"[sCnUGYzmCOs,yFv6B4gsKYs,ALME_u2ZvbU,cTMJuhuZ80w,5codUqWaxFU,NSH7pJx2mNA]","[[0], [0], [0], [0], [0], [0]]","[[0], [0], [0], [0], [25], [25]]","[[2867], [2493], [2340], [1241], [2739], [2189]]","[0, 0, 0, 0, 0, 0]","[06072020,27072020,31072020,04052022,12092023,03082023,13072023]","[30, 30, 30, 30, 30, 30]","[UCandTI0BuPuH2nSi71V1G8Q,UCandTI0BuPuH2nSi71V1G8Q,UCandTI0BuPuH2nSi71V1G8Q,UCandTI0BuPuH2nSi71V1G8Q,UChcPPozD-LOPyLt3La41yCA,UChcPPozD-LOPyLt3La41yCA,UCandTI0BuPuH2nSi71V1G8Q]"
119,Durham,NC,United States,USA,North America,35.996653,-78.9018053,63.95,257636.0,329484123,12.7,86.0,170.1,38.5,41.3,151.1,[ofD2_9vH0r0],[[0]],[[0]],[[3401]],[0],[19072020],[30],[UCandTI0BuPuH2nSi71V1G8Q]
120,Chapel Hill,NC,United States,USA,North America,35.9131542,-79.05578,63.95,59568.0,329484123,12.7,86.0,170.1,38.5,41.3,151.1,[37tgbFYzZao],[[0]],[[0]],[[2261]],[0],[14092020],[30],"[UCandTI0BuPuH2nSi71V1G8Q,UCandTI0BuPuH2nSi71V1G8Q,UCandTI0BuPuH2nSi71V1G8Q]"
121,Outer Banks,NC,United States,USA,North America,35.5669037,-75.4688367,23360.935,57755.0,329484123,12.7,86.0,170.1,38.5,41.3,151.1,[OxpIXtk0C1I],[[0]],[[2629]],[[4500]],[0],[03062022],[30],[UCandTI0BuPuH2nSi71V1G8Q]
122,Ottawa,ON,Canada,CAN,North America,45.4208777,-75.6901106,67.042,812129.0,38005238,5.3,99.0,171.7,42.4,31.7,139.4,"[GK1MGaCibBY,1mRRtsidJ-k,P1kSChfC0hU,ikpnrNfa2IM,B-Y012ZfBI8,Gmfidadvlbo]","[[0], [0], [0], [0], [0], [0]]","[[25], [25], [25], [25], [25], [25]]","[[2290], [2215], [2087], [2086], [2503], [2257]]","[0, 0, 0, 0, 0, 0]","[12032024, 7112023, 3102023, 14092023, 30082023, 4082023]","[30, 30, 30, 30, 30, 30]","[UChcPPozD-LOPyLt3La41yCA,UChcPPozD-LOPyLt3La41yCA,UChcPPozD-LOPyLt3La41yCA,UChcPPozD-LOPyLt3La41yCA,UChcPPozD-LOPyLt3La41yCA,UChcPPozD-LOPyLt3La41yCA,None,UCXHynIfux7pAEwAa9epEDmQ]"
123,Jacksonville,FL,United States,USA,North America,30.3321838,-81.655651,117.162,954614.0,329484123,12.7,86.0,170.1,38.5,41.3,151.1,"[mkrWyUFe6bI,3mcKGCE1coQ,VccbFxevwnw]","[[0], [0], [0]]","[[31], [25], [25]]","[[2111], [2443], [2228]]","[0, 0, 0]","[06032024,05102023,31072023]","[30, 30, 30]","[UChcPPozD-LOPyLt3La41yCA,UChcPPozD-LOPyLt3La41yCA,UChcPPozD-LOPyLt3La41yCA]"
124,Montreal,QC,Canada,CAN,North America,45.5031824,-73.5698065,170.53,1762949.0,38005238,5.3,99.0,171.7,42.4,31.7,139.4,"[mhJaRDYV1Cg,sjxuc88IJd8,AxGSLbEQgeQ,GqJyOTr3iE0,OMWYjKDXMqM]","[[0], [0], [0], [0], [0]]","[[25], [25], [25], [25], [25]]","[[2449], [2478], [2185], [2413], [2294]]","[0, 0, 0, 0, 0]","[16022024, 28112023, 21102023, 13102023, 9092023]","[30, 30, 30, 30, 30]","[UChcPPozD-LOPyLt3La41yCA,UChcPPozD-LOPyLt3La41yCA,UChcPPozD-LOPyLt3La41yCA,UChcPPozD-LOPyLt3La41yCA,UChcPPozD-LOPyLt3La41yCA,UChcPPozD-LOPyLt3La41yCA,UCBcVQr-07MH-p9e2kRTdB3A,UCI046CoYUYZY9DpS_4z_pvA,UCI046CoYUYZY9DpS_4z_pvA,UCJ7QjqsmsPmhVGW31oysSuA,UCinMNNwGi3e1MYr6T7LvpMQ,UC2NEkXsVZ1vyaxYMjEE2K3A,UCCDmb6Zxm0itdfjkcXIIwTQ,UCqkS7xyIlwNPhbHn_gMlTFw,UCAmj2-19cCkdie6gQEeLC-A,UCHQoyepeFvEnnaPXXPkAlDA,UCHQoyepeFvEnnaPXXPkAlDA,UCHQoyepeFvEnnaPXXPkAlDA,UCHQoyepeFvEnnaPXXPkAlDA,UCAmj2-19cCkdie6gQEeLC-A,UCIyDYseHx08zoP0ODFBi2iQ,UCHQoyepeFvEnnaPXXPkAlDA,UCHQoyepeFvEnnaPXXPkAlDA,None,UCqoQFFBhzqWUP9abVnWGmaw,UCI046CoYUYZY9DpS_4z_pvA,UCmkcwJbrdnj_epD-LnahtvA,UC0xzhiSf852zu07cmhglORA,UCCDmb6Zxm0itdfjkcXIIwTQ,UCCDmb6Zxm0itdfjkcXIIwTQ,UCI046CoYUYZY9DpS_4z_pvA,UCCDmb6Zxm0itdfjkcXIIwTQ,UCPHh2gVVkqAw6W8W9ybc5Ww,UCI046CoYUYZY9DpS_4z_pvA,UChRCcRvtawVV-QoZhtZ4Lgw,UCI046CoYUYZY9DpS_4z_pvA,UCpyN5z5ZNDb8LJ83gsn-loA,UCk0xpfrrpSZJF1qJtIun4hg]"
125,Tampa,FL,United States,USA,North America,27.9477595,-82.458444,219.414,384959.0,329484123,12.7,86.0,170.1,38.5,41.3,151.1,"[UOUAV1lLKrA,N_PeKyBTLZw,48mdEeyUzdQ,u48Gn1ryJF0,sa38h5gk4Sc]","[[0], [0], [0], [0], [0]]","[[25], [25], [25], [25], [25]]","[[2195], [2160], [2517], [2367], [2176]]","[0, 0, 0, 0, 0]","[20012024,27102023,02092023,06082023,26052023,25032021,8082018,4102015,22072021]","[30, 30, 30, 30, 30]","[UChcPPozD-LOPyLt3La41yCA,UChcPPozD-LOPyLt3La41yCA,UChcPPozD-LOPyLt3La41yCA,UChcPPozD-LOPyLt3La41yCA,UChcPPozD-LOPyLt3La41yCA,UCBcVQr-07MH-p9e2kRTdB3A,UCBcVQr-07MH-p9e2kRTdB3A,UCBcVQr-07MH-p9e2kRTdB3A,UCo83OnV1SoOZHPQd1UNMx-g]"
126,Orlando,FL,United States,USA,North America,28.5421109,-81.3790304,194.472,307573.0,329484123,12.7,86.0,170.1,38.5,41.3,151.1,"[dwWjd-1Mefo,qAxg8r6aDlI,e-OwhIEt4dI,fMljMeFKybA]","[[0], [0], [0], [0]]","[[25], [25], [25], [25]]","[[2214], [2073], [2177], [2606]]","[0, 0, 0, 0]","[5122023, 21092023, 23092023, 13082023]","[30, 30, 30, 30]","[UChcPPozD-LOPyLt3La41yCA,UChcPPozD-LOPyLt3La41yCA,UChcPPozD-LOPyLt3La41yCA,UChcPPozD-LOPyLt3La41yCA,UCBcVQr-07MH-p9e2kRTdB3A,UCBcVQr-07MH-p9e2kRTdB3A,UCBcVQr-07MH-p9e2kRTdB3A,UCBcVQr-07MH-p9e2kRTdB3A,UCSYUlIhGMCdM-oHxwvbhhLg,UC7hi9CSNq_IUUbEN_ri3ogQ]"
127,St. Augustine,FL,United States,USA,North America,29.8946952,-81.3145395,23360.935,12975.0,329484123,12.7,86.0,170.1,38.5,41.3,151.1,"[N0RR1sGk9sQ,YaZIsZnUvTk,ree1tjgPRK4,EKydH1zHGUc]","[[0], [0], [0], [0]]","[[25], [25], [25], [25]]","[[2127], [1918], [1922], [2099]]","[0, 0, 0, 0]","[21112023, 28092023, 28072023, 24062023]","[30, 30, 30, 30]","[UChcPPozD-LOPyLt3La41yCA,UChcPPozD-LOPyLt3La41yCA,UChcPPozD-LOPyLt3La41yCA,UChcPPozD-LOPyLt3La41yCA,UCBcVQr-07MH-p9e2kRTdB3A]"
128,Savannah,GA,United States,USA,North America,32.0790074,-81.0921335,29.452,147780.0,329484123,12.7,86.0,170.1,38.5,41.3,151.1,"[imlVO9WOjs4,BaAsrQKRCVI]","[[0], [0]]","[[25], [25]]","[[2320], [2209]]","[0, 0]","[10102023, 23072023]","[30, 30]","[UChcPPozD-LOPyLt3La41yCA,UChcPPozD-LOPyLt3La41yCA,UChcPPozD-LOPyLt3La41yCA,UCF0ksYgQFktZJ1xQKuKVgNQ,UCF0ksYgQFktZJ1xQKuKVgNQ,UCBcVQr-07MH-p9e2kRTdB3A]"
129,Arlington,TX,United States,USA,North America,32.7355816,-97.1071186,660.626,207627.0,329484123,12.7,86.0,170.1,38.5,41.3,151.1,"[aR415amrsc8,KDznomSoIbQ]","[[0], [0]]","[[25], [25]]","[[2073], [2169]]","[0, 0]","[25082023, 10082023]","[30, 30]","[UChcPPozD-LOPyLt3La41yCA,UChcPPozD-LOPyLt3La41yCA]"
130,San Diego,CA,United States,USA,North America,32.7174202,-117.162772,295.645,1394928.0,329484123,12.7,86.0,170.1,38.5,41.3,151.1,"[ax3IdgXx0iI,sum8L2mCCtc,DjjB5F3VoR4]","[[0], [0], [0]]","[[25], [25], [25]]","[[2462], [2401], [2614]]","[0, 0, 0]","[24082023, 25072023, 18042023]","[30, 30, 30]","[UChcPPozD-LOPyLt3La41yCA,UChcPPozD-LOPyLt3La41yCA,UChcPPozD-LOPyLt3La41yCA,UCV14CkQ0eSPqleyby0ctAng,UCX_uGzVgYJuo_iuYSBqEr4g,UCX_uGzVgYJuo_iuYSBqEr4g,UCX_uGzVgYJuo_iuYSBqEr4g,UCX_uGzVgYJuo_iuYSBqEr4g,UCX_uGzVgYJuo_iuYSBqEr4g,UCBcVQr-07MH-p9e2kRTdB3A,UCBcVQr-07MH-p9e2kRTdB3A,UCBcVQr-07MH-p9e2kRTdB3A,UCBcVQr-07MH-p9e2kRTdB3A,UCBcVQr-07MH-p9e2kRTdB3A,UCBcVQr-07MH-p9e2kRTdB3A,UCBcVQr-07MH-p9e2kRTdB3A,UCsDV9sL5ECqOx-LwzQ6Z2bg,UCPo6OpC5yZYF13VhEcwVChw,UCk0xpfrrpSZJF1qJtIun4hg,UCk0xpfrrpSZJF1qJtIun4hg,UCk0xpfrrpSZJF1qJtIun4hg,UCk0xpfrrpSZJF1qJtIun4hg,UCk0xpfrrpSZJF1qJtIun4hg,UCk0xpfrrpSZJF1qJtIun4hg,UCk0xpfrrpSZJF1qJtIun4hg,UCk0xpfrrpSZJF1qJtIun4hg,UCk0xpfrrpSZJF1qJtIun4hg,UCk0xpfrrpSZJF1qJtIun4hg]"
131,Daytona Beach,FL,United States,USA,North America,29.2108147,-81.0228331,28.134,72647.0,329484123,12.7,86.0,170.1,38.5,41.3,151.1,"[ioWbAt8FioE,M01gjW9fo-M,KkG0HVtr01w]","[[0], [0], [0]]","[[25], [25], [25]]","[[2039], [2574], [2262]]","[0, 0, 0]","[27072023, 20082023, 29062023]","[30, 30, 30]","[UChcPPozD-LOPyLt3La41yCA,UChcPPozD-LOPyLt3La41yCA,UChcPPozD-LOPyLt3La41yCA,UCBcVQr-07MH-p9e2kRTdB3A,UCBcVQr-07MH-p9e2kRTdB3A]"
132,San Jose,CA,United States,USA,North America,37.3361663,-121.890591,1383.0,1026908.0,329484123,12.7,86.0,170.1,38.5,41.3,151.1,"[8zv45mY44FI,f0BfiiBlg34,-GPNnHGl9zw]","[[0], [0], [0]]","[[25], [25], [35]]","[[2235], [2173], [1724]]","[0, 0, 0]","[23062023, 26052023, 9112023]","[30, 30, 30]","[UChcPPozD-LOPyLt3La41yCA,UChcPPozD-LOPyLt3La41yCA,UCO_zxQAruqOxvRrT0bjISvg,UCBcVQr-07MH-p9e2kRTdB3A,UCk0xpfrrpSZJF1qJtIun4hg,UCk0xpfrrpSZJF1qJtIun4hg,UCk0xpfrrpSZJF1qJtIun4hg,UCk0xpfrrpSZJF1qJtIun4hg,UCk0xpfrrpSZJF1qJtIun4hg,UCk0xpfrrpSZJF1qJtIun4hg]"
133,Santa Fe,NM,United States,USA,North America,35.6876096,-105.938456,23360.935,84099.0,329484123,12.7,86.0,170.1,38.5,41.3,151.1,"[QaqY28Z46qE,2orxr-gdWWI]","[[0], [0]]","[[25], [25]]","[[2734], [2496]]","[0, 0]","[6062023, 20022023]","[30, 30]","[UChcPPozD-LOPyLt3La41yCA,UChcPPozD-LOPyLt3La41yCA,UC07wCVB3xe0zlYn-k_3kUjA]"
134,Nashville,TN,United States,USA,North America,36.1622767,-86.7742984,187.981,689447.0,329484123,12.7,86.0,170.1,38.5,41.3,151.1,"[XvNDk_OagW4,PXrNbwkamiE]","[[0], [0]]","[[25], [25]]","[[2447], [2130]]","[0, 0]","[11022023, 13012023]","[30, 30]","[UChcPPozD-LOPyLt3La41yCA,UChcPPozD-LOPyLt3La41yCA,UCBcVQr-07MH-p9e2kRTdB3A,UCBcVQr-07MH-p9e2kRTdB3A,UChcPPozD-LOPyLt3La41yCA]"
135,Oklahoma City,OK,United States,USA,North America,35.4729886,-97.5170536,94.742,681054.0,329484123,12.7,86.0,170.1,38.5,41.3,151.1,[r_BZ_j6XE8I],[[0]],[[25]],[[2256]],[0],[31012023],[30],[UChcPPozD-LOPyLt3La41yCA]
136,Kansas City,KS,United States,USA,North America,39.1134562,-94.626497,169.501,475378.0,329484123,12.7,86.0,170.1,38.5,41.3,151.1,"[0f5U6WCiWEg,YZRJkuSXmI8]","[[0], [0]]","[[25], [25]]","[[2515], [2420]]","[0, 0]","[22122022, 20122022]","[30, 30]","[UChcPPozD-LOPyLt3La41yCA,UChcPPozD-LOPyLt3La41yCA]"
137,Sacramento,CA,United States,USA,North America,38.5810606,-121.493895,176.276,490712.0,329484123,12.7,86.0,170.1,38.5,41.3,151.1,"[Y8PTVLU5Vyk,SuEwmWpl2Ag]","[[0], [0]]","[[25], [25]]","[[2397], [2370]]","[0, 0]","[6122022, 10122022]","[30, 30]","[UChcPPozD-LOPyLt3La41yCA,UChcPPozD-LOPyLt3La41yCA,UCX_uGzVgYJuo_iuYSBqEr4g,UCHVaQtoJ6s8hubJDYWTuEDA,UC0H-Sa4Ua_wWGYMmc6ITpRg,UCk0xpfrrpSZJF1qJtIun4hg]"
138,Columbus,OH,United States,USA,North America,39.9622601,-83.0007065,169.123,905748.0,329484123,12.7,86.0,170.1,38.5,41.3,151.1,"[mDEgH6lN9Yk,_HVxRW-Tmt0]","[[0], [0]]","[[25], [25]]","[[1991], [1987]]","[0, 0]","[01102022,17092022,10092022,04092022]","[30, 30]","[UChcPPozD-LOPyLt3La41yCA,UChcPPozD-LOPyLt3La41yCA,UChcPPozD-LOPyLt3La41yCA,UChcPPozD-LOPyLt3La41yCA]"
139,Atlanta,GA,United States,USA,North America,33.7489924,-84.3902644,525.888,463878.0,329484123,12.7,86.0,170.1,38.5,41.3,151.1,"[mnARGT8rnXU,KrK1oDuQobM,brHOrwiF-y4]","[[0], [0], [0]]","[[25], [25], [25]]","[[2530], [2710], [3131]]","[0, 0, 0]","[16042022, 19042022, 23042022]","[30, 30, 30]","[UChcPPozD-LOPyLt3La41yCA,UChcPPozD-LOPyLt3La41yCA,UChcPPozD-LOPyLt3La41yCA,UCBcVQr-07MH-p9e2kRTdB3A,UCBcVQr-07MH-p9e2kRTdB3A,UCBcVQr-07MH-p9e2kRTdB3A,UCBcVQr-07MH-p9e2kRTdB3A,UCBcVQr-07MH-p9e2kRTdB3A,UCBcVQr-07MH-p9e2kRTdB3A,UCYM1moHMA5Gki3TPJVa2T0Q,UCYM1moHMA5Gki3TPJVa2T0Q,UCIRAXNBmX4fNS-TsH5_oWiA,UCCWC63_fLObjdnextgUjC7A,UCOmqossIgk3oiZEdgdIVyaw,UCtdDVpQFfBUPUZswByl3kJw,UCsr3RsvT2MU2gnV_zIiiFGw]"
140,Dallas,TX,United States,USA,North America,32.7762719,-96.7968559,688.928,1300092.0,329484123,12.7,86.0,170.1,38.5,41.3,151.1,"[o7PEqqe9avE,XkguuPohDFg,h9K5CYwujhM]","[[0], [0], [0]]","[[25], [25], [25]]","[[2727], [2727], [2425]]","[0, 0, 0]","[4052022, 13052022, 14052022]","[60, 60, 60]","[UChcPPozD-LOPyLt3La41yCA,UChcPPozD-LOPyLt3La41yCA,UChcPPozD-LOPyLt3La41yCA,UCBcVQr-07MH-p9e2kRTdB3A,UCBcVQr-07MH-p9e2kRTdB3A,UCBcVQr-07MH-p9e2kRTdB3A,UCBcVQr-07MH-p9e2kRTdB3A,UCBcVQr-07MH-p9e2kRTdB3A,UCk0xpfrrpSZJF1qJtIun4hg,UCk0xpfrrpSZJF1qJtIun4hg]"
141,Denver,CO,United States,USA,North America,39.7392364,-104.984862,288.8,715522.0,329484123,12.7,86.0,170.1,38.5,41.3,151.1,[yx2KheG5Oc4],[[0]],[[25]],[[2363]],[0],[17122022],[60],"[UChcPPozD-LOPyLt3La41yCA,UCBcVQr-07MH-p9e2kRTdB3A,UCBcVQr-07MH-p9e2kRTdB3A,UC4V8DPS-RJ5gveoZZc9b7kw,UCzgT31gAT2UnEvKCppv9xPg,UCzgT31gAT2UnEvKCppv9xPg,UChv3DmLA2hH-d93bGgqjMLg]"
142,Bozeman,MT,United States,USA,North America,45.6794293,-111.044047,23360.935,43405.0,329484123,12.7,86.0,170.1,38.5,41.3,151.1,[JGkzIqWO-YI],[[0]],[[6450]],[[8357]],[0],"[04042024,13122023,10112023]",[60],"[UCX_uGzVgYJuo_iuYSBqEr4g,UCX_uGzVgYJuo_iuYSBqEr4g,UCX_uGzVgYJuo_iuYSBqEr4g]"
143,Washington,DC,United States,USA,North America,38.8950368,-77.0365427,660.626,689545.0,329484123,12.7,86.0,170.1,38.5,41.3,151.1,"[sY7ufpPpGhE,dIHYeTVklu4,D00S7Tp3ljE,2K_mb4efhTQ,tktbSxxXwc4]","[[1], [0], [0], [0, 0], [0]]","[[26], [68], [65], [0, 2280], [0]]","[[2130], [4224], [6900], [2160, 5202], [3705]]","[0, 0, 0, 0, 0]","[24012024, 15072024, 2082024, 24052021, 27052023]","[60, 60, 60, 30, 30]","[UCBcVQr-07MH-p9e2kRTdB3A,UCBcVQr-07MH-p9e2kRTdB3A,UCX_uGzVgYJuo_iuYSBqEr4g,UCLLONG6w20nQOqI_dm4nGrg,UCLLONG6w20nQOqI_dm4nGrg,UCBcVQr-07MH-p9e2kRTdB3A,UCBcVQr-07MH-p9e2kRTdB3A,UCBcVQr-07MH-p9e2kRTdB3A,UCBcVQr-07MH-p9e2kRTdB3A,UCBcVQr-07MH-p9e2kRTdB3A,UCBcVQr-07MH-p9e2kRTdB3A,UCBcVQr-07MH-p9e2kRTdB3A,UCBcVQr-07MH-p9e2kRTdB3A,UCBcVQr-07MH-p9e2kRTdB3A,UCBcVQr-07MH-p9e2kRTdB3A,UCBcVQr-07MH-p9e2kRTdB3A,UCBcVQr-07MH-p9e2kRTdB3A,UCOG_imhDwtvT4Bxy4J_vItg,UCmFy_VhtzhtKphN-_m56bnA,UC-ZnfVaa54FcjzRphhrPWZw,UCk0xpfrrpSZJF1qJtIun4hg,UCk0xpfrrpSZJF1qJtIun4hg,UCmAAWYOSR8C3u7ltRrqpe6Q]"
160,Porto,,Portugal,PRT,Europe,41.149451,-8.610788,40.868,249633.0,10305564,8.2,96.1,167.8,46.0,34.6,106.8,"[hC6UrWcf6_c,5kshb1rGTwA,mLlAHFLgr4A,k9BfltZhjqs,A9x-7n4m7gM]","[[0], [0], [0], [0], [0]]","[[2026], [10], [0], [123], [6049]]","[[2942], [3620], [560], [744], [7628]]","[0, 0, 0, 0, 0]","[11042025, 11012022, 6012019, 28052022, 30032019]","[30, 30, 30, 30, 30]","[UCLLONG6w20nQOqI_dm4nGrg,UCkQTc0dnrbOUsCQYH924yeg,UC_V2-rK2e97fZNCQUDGO7zA,UC_V2-rK2e97fZNCQUDGO7zA,UCg1sAFKjbgemJnIODXe_2BQ,UCP8kwi4jEI02_zxHc7gDkvQ,UCi0DIrceZqjDR6LLCDJupXA,UC9Ig6oRLl7fqNIi45aSXhbQ,UCEK1plVoCFO_YNlAQV-yJAA,UCIEYAtvhx3RjGYgy_TZr2Jw,UCzzGsm1Z2TAvUAUO4JDm4Zw,UCMJScC9Hq4nJDKw6a3a2aRQ,UCOTltJnsvy8V9ku46nARF6w,UCEC9kF6L1-Y1U2OYIpBX2DA,UCLLONG6w20nQOqI_dm4nGrg,UCJMIAkgOCfi6xiMW5JwqzFQ]"
175,Tirana,,Albania,ALB,Europe,41.327634530014,19.8178224322963,22.977,418495.0,2837743,11.7,98.1,168.1,35.8,29.4,114.7,[8cJcUWHV5AY],[[0]],[[65]],[[3240]],[0],"[07112022,26122022]",[30],"[UC_V2-rK2e97fZNCQUDGO7zA,UCc98TiiVl28m5JgcVAkBW2w]"
176,Bratislava,,Slovakia,SVK,Europe,48.1516988,17.1093063,33.072,423737.0,5458827,6.1,100.0,174.0,42.5,24.1,99.1,"[zGtYN3lP9VY,2Eaxi2jDfVc]","[[0], [0]]","[[56], [34]]","[[2820], [724]]","[0, 0]","[01102022,01122023,4022021,4042019,22032019,20022023]","[24, 30]","[UC_V2-rK2e97fZNCQUDGO7zA,UCvLzZbl8OQVa7VDedEtkX9A,UCy2DLMENDfjqp9c0UuWUMlQ,UCP4TqJmUUroIZ0_3voLUKWg,UCJMIAkgOCfi6xiMW5JwqzFQ,UCKPKkECp7Ad_GjQ8MFm1nXg]"
177,Thessaloniki,,Greece,GRC,Europe,40.6403167,22.9352716,16.452,317778.0,10715549,8.3,97.9,172.5,46.2,32.9,128.1,[dV0yxPmfdg8],[[1]],[[75]],[[3835]],[0],"[17092022,26072024,02082023,03062023,27022019,29082020,16022024]",[24],"[UC_V2-rK2e97fZNCQUDGO7zA,UCc98TiiVl28m5JgcVAkBW2w,UCAOHCj4SRex8vXqoGf5EE9A,UCsUkCACPCOuTm_nKvbAtJRQ,UCIlwfpBrGVr_lV5hphie6YQ,UCuNJSe9Lj4sHVr7ziljzUGg,UCIEYAtvhx3RjGYgy_TZr2Jw]"
178,Pisa,,Italy,ITA,Europe,43.4714722,10.67979117,2254.851,109960.0,59554023,5.3,99.0,168.1,48.1,34.8,125.3,[UoTl5SbupDE],[[0]],[[56]],[[2790]],[0],[10092022],[24],"[UC_V2-rK2e97fZNCQUDGO7zA,UCk0xpfrrpSZJF1qJtIun4hg]"
179,Budapest,,Hungary,HUN,Europe,47.48138955,19.14609413,86.93,1741041.0,9749763,7.7,99.1,169.5,44.5,29.2,125.6,"[nhmYYU9sr54,bnuSxnSXdRo,dYtmrI8Yjp4]","[[0], [0], [0]]","[[80], [55], [68]]","[[6210], [900], [2487]]","[0, 0, 0]","[27082022,14112021,01052022,19092016,29062023,21062025]","[24, 30, 30]","[UC_V2-rK2e97fZNCQUDGO7zA,UCOG_imhDwtvT4Bxy4J_vItg,UCOG_imhDwtvT4Bxy4J_vItg,UCXAMx3D3UqiM5aukWNiISYA,UCRHaN_1ZB8yqpNeTEJNkGjA,UCBtU1_6MnzUBwV-a3hDqLIw]"
180,Naples,,Italy,ITA,Europe,40.8358846,14.2487679,64.296,909048.0,59554023,5.3,99.0,168.1,48.1,34.8,125.3,[vlUnuBhthOU],"[[0, 1]]","[[30, 853]]","[[853, 1125]]",[0],"[06082022,6012022]",[24],"[UC_V2-rK2e97fZNCQUDGO7zA,UCk0xpfrrpSZJF1qJtIun4hg]"
240,Ajaccio,,France,FRA,Europe,41.9263991,8.7376029,3051.83161,54364.0,67391582,5.1,99.0,171.5,42.4,31.5,126.8,[clXyiGcBvA8],[[0]],[[3430]],[[3829]],[0],[07032021],[30],[UCOG_imhDwtvT4Bxy4J_vItg]
251,Luxembourg City,,Luxembourg,LUX,Europe,49.6112768,6.129799,85.503,136208.0,632275,4.1,100.0,171.8,39.8,32.7,105.8,[3XBeKuoFjCQ],[[0]],[[0]],[[5382]],[0],"[07072024,19112023]",[30],"[UCrzS-oNwWlnCtdtsdcPMmiA,UCOTltJnsvy8V9ku46nARF6w]"
252,Denpasar,,Indonesia,IDN,Asia,-8.652497,115.219117,1371.17115,4225384.0,273523621,11.3,96.0,160.3,31.2,36.1,191.4,"[cFI5ZcqGIvM,-jW5fJl-4DI,Bggw0NJpfgs]","[[0, 0, 0], [0], [0, 0]]","[[17, 2773, 4454], [36], [43, 5930]]","[[2547, 4160, 6850], [3597], [2801, 7828]]","[0, 0, 0]","[02102023,30102023,20112023,21022024,21022024,21022024,16022024,16022024,13022024,13022024,16022024,06022024,06022024,06022024,01022024,01022024,01022024]","[60, 60, 60]","[UCrzS-oNwWlnCtdtsdcPMmiA,UCrzS-oNwWlnCtdtsdcPMmiA,UCrzS-oNwWlnCtdtsdcPMmiA,UCU5VEsfqy84iKGmceH1RsVA,UCU5VEsfqy84iKGmceH1RsVA,UCU5VEsfqy84iKGmceH1RsVA,UCU5VEsfqy84iKGmceH1RsVA,UCU5VEsfqy84iKGmceH1RsVA,UCU5VEsfqy84iKGmceH1RsVA,UCU5VEsfqy84iKGmceH1RsVA,UCU5VEsfqy84iKGmceH1RsVA,UCU5VEsfqy84iKGmceH1RsVA,UCU5VEsfqy84iKGmceH1RsVA,UCU5VEsfqy84iKGmceH1RsVA,UCU5VEsfqy84iKGmceH1RsVA,UCU5VEsfqy84iKGmceH1RsVA,UCU5VEsfqy84iKGmceH1RsVA]"
253,Phuket Town,,Thailand,THA,Asia,7.884777,98.389221,514.9687,79308.0,69799978,32.2,94.0,165.5,41.0,34.9,170.5,[Eiee9FfbjYA],[[0]],[[20]],[[4196]],[0],"[23102023,06112023]",[30],"[UCrzS-oNwWlnCtdtsdcPMmiA,UCrzS-oNwWlnCtdtsdcPMmiA]"
255,Riga,,Latvia,LVA,Europe,56.9493977,24.1051846,25.207,742572.0,1901548,8.1,99.9,175.0,45.2,34.3,103.0,[BJbHMgiyIFY],[[0]],[[3]],[[2071]],[0],"[20102021,01022023,17122020,22022018,13072024,14112021,24072021,3012021,6092024,27112021,1112021,8052021,19012025,11112021,6112021]",[25],"[UC4piubveKmF3BHExK5AakvA,UCvLzZbl8OQVa7VDedEtkX9A,UCLlw7TAl8zmJa4vGFKu1c_Q,UCzFnxaVAA6whGtREq_xUzTg,UCV14CkQ0eSPqleyby0ctAng,UCn4A0Vm-S5Iyre0L_Cc68XQ,UCflzR0bDQ49q2n0L4wH7AoA,UCn4A0Vm-S5Iyre0L_Cc68XQ,UCn4A0Vm-S5Iyre0L_Cc68XQ,UCn4A0Vm-S5Iyre0L_Cc68XQ,UCn4A0Vm-S5Iyre0L_Cc68XQ,UCn4A0Vm-S5Iyre0L_Cc68XQ,UCUO3Vlbs1BM30-6Me5jnrZQ,UCn4A0Vm-S5Iyre0L_Cc68XQ,UCn4A0Vm-S5Iyre0L_Cc68XQ]"
258,Cannes,,France,FRA,Europe,43.5515198,7.0134418,3051.831,74545.0,67391582,5.1,99.0,171.5,42.4,31.5,126.8,[3hiKDJO5sk8],[[0]],[[0]],[[1238]],[0],"[08092022,5062022]",[30],"[UCvLzZbl8OQVa7VDedEtkX9A,UCOTltJnsvy8V9ku46nARF6w]"
379,Tbilisi,,Georgia,GEO,Asia,41.725756,44.775263,0.0,1049498.0,3714000,12.4,100.0,170.0,38.0,35.9,132.36,[rkRRsfSCe6o],[[0]],[[184]],[[680]],[0],[26012021],[30],"[UCKc8nL-_8vOG6wLEXxs9x3w,UCCE-xpYirsKwSuhoJmCWJ0g,UCx3qi3CieaF5aUAiDMckpsQ,UCFMkPeE8jiPirJMv9kttuIg,UCEaj0A9yL_p2DlEBTvR8jpw,UCCE-xpYirsKwSuhoJmCWJ0g,UCmfO4UQlgkOJ-1ohE9dV_ug,UCZmohFzCdAAlAcHZgI0x-vw,UCCE-xpYirsKwSuhoJmCWJ0g,UCkJwOOaj5V0lmstjZK2M8XA,UCkJwOOaj5V0lmstjZK2M8XA,UC9cdAOp5HXYexDKvsH7lTQA,UC9rAJHfZhj9MZ9kc12U75GQ,UCC6ydzstI9jfszAg1PzUBrw,UCCE-xpYirsKwSuhoJmCWJ0g,UCCE-xpYirsKwSuhoJmCWJ0g,UCmfO4UQlgkOJ-1ohE9dV_ug,UCmfO4UQlgkOJ-1ohE9dV_ug,UCmfO4UQlgkOJ-1ohE9dV_ug,UCmfO4UQlgkOJ-1ohE9dV_ug,UCmfO4UQlgkOJ-1ohE9dV_ug,UCmfO4UQlgkOJ-1ohE9dV_ug,UCmfO4UQlgkOJ-1ohE9dV_ug,UCmfO4UQlgkOJ-1ohE9dV_ug,UCmfO4UQlgkOJ-1ohE9dV_ug,UCmfO4UQlgkOJ-1ohE9dV_ug,UCmfO4UQlgkOJ-1ohE9dV_ug,UCmfO4UQlgkOJ-1ohE9dV_ug,UCmfO4UQlgkOJ-1ohE9dV_ug,UCmfO4UQlgkOJ-1ohE9dV_ug,UCAjXxpardFUDo42i7VFrDew,UC3nEu4epFFF5b4PvTASP_vA,UC3nEu4epFFF5b4PvTASP_vA,UCCE-xpYirsKwSuhoJmCWJ0g,UCCE-xpYirsKwSuhoJmCWJ0g,UCCE-xpYirsKwSuhoJmCWJ0g,UCa0q0T4tB2CEQv0Ep96jk8Q,UC9pISkDIw6KGMA-5Dps9_KA,UCCE-xpYirsKwSuhoJmCWJ0g,UC0cCLzKB89hGIXJHJeYS_lQ,UCYG9ANpni19oAlRthv9DGaA,UCCE-xpYirsKwSuhoJmCWJ0g,UCXLYBuvcZm-7wkR68lcgJ8w,UCCE-xpYirsKwSuhoJmCWJ0g,UCB8pEsJ80lbb4X3_Mu6Krzw,UCSTygItqbeTNjGIcTaqPC3A,UCooBuymuGdlAJvUa4Fzx8ZA,UCcNdeMTq30fP8Q3YyvDWalA,UCdCPb_OQVRbV5FR3ZXMXeng,UCCu7MRjMBJC-9VJzR6nPf-A,UCJz02Ci8ikcRVIisrlthtlg,UCCE-xpYirsKwSuhoJmCWJ0g,UCZTfU-QAfDWLxpn3BS94aWg,UCCE-xpYirsKwSuhoJmCWJ0g,UCCE-xpYirsKwSuhoJmCWJ0g]"
491,Makiivka,,Ukraine,UKR,Europe,48.0448144,37.9635093,0.0,338968.0,44134693,10.2,100.0,174.0,45.3,26.6,0.0,[aBAuD4GhVQh],[[0]],[[14]],[[843]],[0],[30052020],[0],"[UCDekuyewJAjG1UwfPVkKG-w,None,UCDekuyewJAjG1UwfPVkKG-w,UCDekuyewJAjG1UwfPVkKG-w,UCDekuyewJAjG1UwfPVkKG-w,UCDekuyewJAjG1UwfPVkKG-w,UCDekuyewJAjG1UwfPVkKG-w,UCDekuyewJAjG1UwfPVkKG-w,UCshtl5Wv28tLRF8kkhUrhsQ,UCDekuyewJAjG1UwfPVkKG-w,UCDekuyewJAjG1UwfPVkKG-w,UCDekuyewJAjG1UwfPVkKG-w,UCDekuyewJAjG1UwfPVkKG-w,UCDekuyewJAjG1UwfPVkKG-w]"
1475,Abu Dhabi,,United Arab Emirates,ARE,Asia,24.4538352,54.3774014,0.0,1807000.0,9890400,8.9,98.0,167.0,35.7,26.0,24.39,[tCe_F-2rR08],[[0]],[[0]],[[4810]],[0],[3072025],[30],"[UCBcVQr-07MH-p9e2kRTdB3A,UCBcVQr-07MH-p9e2kRTdB3A,UCBcVQr-07MH-p9e2kRTdB3A,UCBcVQr-07MH-p9e2kRTdB3A,UCrzS-oNwWlnCtdtsdcPMmiA,UCPk8J7mgcyeFRHMCQJ9OuzA]"
1478,Innsbruck,,Austria,AUT,Europe,47.2654296,11.3927685,0.0,132493.0,8917205,4.9,0.0,173.0,44.8,30.8,40.0,"[ijxGcqMZuZE,AY7-_hDdH3E]","[[0], [0]]","[[0], [63]]","[[1075], [1192]]","[0, 0]","[05042025,24062025,19062025,14062025,2082024,17022024]","[30, 30]","[UCBcVQr-07MH-p9e2kRTdB3A,UCvFtSzj8mi3EKaf5Da7zLiQ,UCvFtSzj8mi3EKaf5Da7zLiQ,UCvFtSzj8mi3EKaf5Da7zLiQ,UCvFtSzj8mi3EKaf5Da7zLiQ,UCtNP3HfnQIZX9j9D12ek8VQ]"
1624,Phoenix,AZ,United States,USA,North America,33.4484367,-112.074141,0.0,1608139.0,329484123,12.7,0.0,170.0,38.5,41.4,0.0,"[OnnLSTL0D0c,5JclCdNo2xs,pOQOcS3J5is,itAsd_KK6mM,Witxh1R9yNQ]","[[0], [0], [0], [0], [0]]","[[25], [25], [25], [25], [44]]","[[2192], [2514], [2021], [1841], [2921]]","[0, 0, 0, 0, 0]","[11042023, 10052023, 4072023, 3062023, 17072025]","[30, 30, 30, 30, 30]","[UCFGFi6CrJlgTUR9-VZiP1pw,UC3pUtmx7a45Gt6CZy2Db3eg,UCsr3RsvT2MU2gnV_zIiiFGw,UCk0xpfrrpSZJF1qJtIun4hg,UCk0xpfrrpSZJF1qJtIun4hg,UCk0xpfrrpSZJF1qJtIun4hg,UCk0xpfrrpSZJF1qJtIun4hg,UChcPPozD-LOPyLt3La41yCA,UChcPPozD-LOPyLt3La41yCA,UCk0xpfrrpSZJF1qJtIun4hg,UCk0xpfrrpSZJF1qJtIun4hg,UCk0xpfrrpSZJF1qJtIun4hg,UCk0xpfrrpSZJF1qJtIun4hg,UCk0xpfrrpSZJF1qJtIun4hg,UChcPPozD-LOPyLt3La41yCA,UChcPPozD-LOPyLt3La41yCA,UCk0xpfrrpSZJF1qJtIun4hg,UCsYwtnYBrMDituD9n8vyKJQ]"
1821,Perth,WA,Australia,AUS,Oceania,-31.9558967,115.8605784,0.0,2192229.0,25687041,4.9,0.0,172.0,37.9,34.4,0.0,[zNvUu3CX3TI],[[0]],[[1033]],[[1376]],[0],"[1102023,7112022,8112022,10112022,10112022,11112022,13112022,14112022,18112022,23112022,24112022,3122022,1102023,5102023,5102023,7102023,07032018]",[30],"[UCxnzGbhBLLxza1XPLygFIGQ,UCxnzGbhBLLxza1XPLygFIGQ,UCxnzGbhBLLxza1XPLygFIGQ,UCxnzGbhBLLxza1XPLygFIGQ,UCxnzGbhBLLxza1XPLygFIGQ,UCxnzGbhBLLxza1XPLygFIGQ,UCxnzGbhBLLxza1XPLygFIGQ,UCxnzGbhBLLxza1XPLygFIGQ,UCxnzGbhBLLxza1XPLygFIGQ,UCxnzGbhBLLxza1XPLygFIGQ,UCxnzGbhBLLxza1XPLygFIGQ,UCxnzGbhBLLxza1XPLygFIGQ,UCxnzGbhBLLxza1XPLygFIGQ,UCxnzGbhBLLxza1XPLygFIGQ,UCxnzGbhBLLxza1XPLygFIGQ,UCxnzGbhBLLxza1XPLygFIGQ,UCjqWJFBD5poPdirkmEjkUPQ]"
2270,Putumayo,,Colombia,COL,South America,0.5000086,-76.0000086,0.0,348182.0,50882884,15.4,96.0,165.0,32.4,51.3,0.0,[12279700299],[[0]],[[59]],[[1899]],[0],[15052022],[0],[UCjHIDjcJxVVRW4VOIG7g8xA]
2333,Salzburg,,Austria,AUT,Europe,47.7981346,13.0464806,0.0,157245.0,8917205,4.9,0.0,173.0,44.8,30.8,0.0,"[hMxQMwEB9Fo,zXry1J3QOlA]","[[0], [0]]","[[38], [125]]","[[392], [4155]]","[0, 0]","[4072025, 11052025]","[30, 30]","[UCcwGwvM5iPB9IvtTnMTVcEg,UC0S684s0nQdorj45mEukHRg,UCnE3aVwoqOABeJM0s8qta-g]"
2407,Villette,,Switzerland,CHE,Europe,46.4944793,6.7094638,0.0,593.0,8654622,2.2,0.0,172.0,44.0,33.1,0.0,[sZ6SfzGtmJw],[[0]],[[672]],[[960]],[0],[16082020],[30],[UC_NIn-5xAeAJhT-I84v-QLw]
2408,Rivaz,,Switzerland,CHE,Europe,46.4762772,6.7786403,0.0,342.0,8654622,2.2,0.0,172.0,44.0,33.1,0.0,[sZ6SfzGtmJw],[[0]],[[1236]],[[1307]],[0],[16082020],[30],[UC_NIn-5xAeAJhT-I84v-QLw]
2409,Saint-Saphorin,,Switzerland,CHE,Europe,46.4731819,6.7959554,0.0,0.0,8654622,2.2,0.0,172.0,44.0,33.1,0.0,[sZ6SfzGtmJw],[[0]],[[1308]],[[1378]],[0],[16082020],[30],[UC_NIn-5xAeAJhT-I84v-QLw]
2410,Corseaux,,Switzerland,CHE,Europe,46.4722747,6.8320071,0.0,2282.0,8654622,2.2,0.0,172.0,44.0,33.1,0.0,[sZ6SfzGtmJw],[[0]],[[1456]],[[1649]],[0],[16082020],[30],[UC_NIn-5xAeAJhT-I84v-QLw]
2411,Vevey,,Switzerland,CHE,Europe,46.4602978,6.8418655,0.0,15812.0,8654622,2.2,0.0,172.0,44.0,33.1,0.0,"[sZ6SfzGtmJw,V8aUYl6C_Dw]","[[0], [0, 0, 0, 0]]","[[1650], [1098, 1235, 1494, 1636]]","[[1994], [1220, 1452, 1612, 1900]]","[0, 0]","[16082020, 21072023]","[30, 25]","[UC_NIn-5xAeAJhT-I84v-QLw,UCVHnLBpdIhmjXt3mMoVFZMg]"
2412,La Tour-de-Peilz,,Switzerland,CHE,Europe,46.4537524,6.8569063,0.0,10522.0,8654622,2.2,0.0,172.0,44.0,33.1,42.42,[sZ6SfzGtmJw],[[0]],[[1995]],[[2250]],[0],[16082020],[30],[UC_NIn-5xAeAJhT-I84v-QLw]
2413,Montreux,,Switzerland,CHE,Europe,46.4310831,6.9129921,0.0,25984.0,8654622,2.2,0.0,172.0,44.0,33.1,0.0,"[sZ6SfzGtmJw,V8aUYl6C_Dw,5xtDW2O7MbE]","[[0], [0, 0], [0]]","[[2251], [1910, 2038], [1604]]","[[2955], [2007, 2270], [2199]]","[0, 0, 0]","[16082020, 21072023, 2082022]","[30, 25, 30]","[UC_NIn-5xAeAJhT-I84v-QLw,UCVHnLBpdIhmjXt3mMoVFZMg,UCPSTneH32zcsfrcFFVts9OQ]"
2414,Epesses,,Switzerland,CHE,Europe,46.4913262,6.7475919,0.0,332.0,8654622,2.2,0.0,172.0,44.0,33.1,0.0,[5xtDW2O7MbE],[[0]],[[518]],[[681]],[0],[02082022],[30],[UCPSTneH32zcsfrcFFVts9OQ]
2415,Nantes,,France,FRA,Europe,47.222366,-1.552505,0.0,318808.0,67391582,5.1,0.0,172.0,42.4,32.4,82.35,"[h0WD9cxNcoo,hKjX0sXo2zA,OjfRExug0BM,UFz6FQYFUDM]","[[0, 0], [0], [0, 0], [0]]","[[0, 986], [45], [0, 1023], [0]]","[[905, 1251], [200], [948, 1719], [2058]]","[0, 0, 0, 0]","[25072021, 9082021, 9072023, 25102023]","[30, 30, 30, 30]","[UCgk6XhaelDlSGTOaKaFej0Q,UCgk6XhaelDlSGTOaKaFej0Q,UCo_T_rZrY0-bAGgLDVxLwow,UC9_KLpgr22GgJ5msgDlAhQg]"
2416,Le Mans,,France,FRA,Europe,48.0073849,0.1967849,0.0,144515.0,67391582,5.1,0.0,172.0,42.4,32.4,100.0,[XJwTzi3Ntg8],[[0]],[[34]],[[568]],[0],[26072021],[30],[UCgk6XhaelDlSGTOaKaFej0Q]
2417,Bagneux,,France,FRA,Europe,49.458056,3.279444,0.0,38900.0,67391582,5.1,0.0,172.0,42.4,32.4,0.0,[XJwTzi3Ntg8],"[[0, 0]]","[[0, 1468]]","[[1311, 3875]]",[0],[26072021],[30],[UCgk6XhaelDlSGTOaKaFej0Q]
2418,Saint-Nazaire,,France,FRA,Europe,47.2733517,-2.2138905,0.0,67054.0,67391582,5.1,0.0,172.0,42.4,32.4,47.83,"[hKjX0sXo2zA,Ba8QhDEfebE,5zcVnMQpKTk]","[[0], [0], [0, 0]]","[[241], [0], [15, 718]]","[[558], [855], [600, 892]]","[0, 0, 0]","[9082021, 22092024, 22072021]","[30, 30, 30]","[UCgk6XhaelDlSGTOaKaFej0Q,UC155U1r9KwOSXv5PqtFDBog,UCgk6XhaelDlSGTOaKaFej0Q]"
2419,La Baule-Escoublac,,France,FRA,Europe,47.2843726,-2.3951595,0.0,17775.0,67391582,5.1,0.0,172.0,42.4,32.4,20.69,"[hKjX0sXo2zA,nBlCnuBJYZ8]","[[0], [0, 0]]","[[907], [0, 3753]]","[[1029], [3522, 4057]]","[0, 0]","[9082021, 18082021]","[30, 30]","[UCgk6XhaelDlSGTOaKaFej0Q,UCgk6XhaelDlSGTOaKaFej0Q]"
2420,zmir,,Trkiye,TUR,Asia,38.421318,27.137594,0.0,2500603.0,84339067,6.7,97.0,169.0,33.6,41.9,163.2,"[gCo19-oLVJ8,hxauFLFRZs4,ZLM4zuVQI1Q,4QjhLAsQpcI]","[[0], [0], [0], [0, 0]]","[[4169], [0], [2], [0, 514]]","[[4386], [1129], [768], [346, 1064]]","[0, 0, 0, 0]","[21012023, 20022023, 10042023, 7052023]","[25, 30, 30, 30]","[UCdF_JRL4Gc0HQsdWBrW7wKw,UCdF_JRL4Gc0HQsdWBrW7wKw,UCdF_JRL4Gc0HQsdWBrW7wKw,UCVk3y0MHH7sbGSii-qAlsdQ]"
2421,Ankara,,Trkiye,TUR,Asia,39.9207759,32.8540497,0.0,3517182.0,84339067,6.7,97.0,169.0,33.6,41.9,146.19,"[PBUmWT7ViWU,Kc7ksDkmdeA,APHdofnj8oE,Y2uN5rlOrx8,nZvEqyhrjtY,HN_lKWVmb98,gouhf-2CF6g,ACIXhgm0Ju8,C3NL4mBkuqA,MiZAs3z07WI,vxtS82Wohc4]","[[0], [1], [0], [0], [0], [0], [0], [0], [0], [0], [0]]","[[7841], [60], [0], [3197], [12], [0], [4], [9], [0], [3], [3]]","[[8625], [1954], [2528], [3877], [968], [882], [1217], [1194], [718], [710], [788]]","[0, 0, 0, 0, 0, 0, 0, 0, 0, 0, 0]","[30082020, 8082023, 28062021, 26062024, 8062025, 20022025, 1012023, 8052023, 12032025, 16042025, 4062023]","[30, 30, 30, 30, 30, 30, 30, 30, 30, 30, 30]","[UCLMQqAoaKBOIQP9Tqnm6njg,UC62XLEy4ZRTL2q8YzOJBDow,UCPe8SE83JoUma_gGV09Vylg,UCo9yDMRPdiVnJGjCwOOj5GQ,UCxYhFcLQ-YLAm39B8FKCkNg,UCbuUnI3usTSKExnwHb9LWLQ,UC29URaSogjRC7lojSXYB4ug,UCDrDWDih9LJZuIDtt-nDkcg,UCbuUnI3usTSKExnwHb9LWLQ,UCbuUnI3usTSKExnwHb9LWLQ,UC29URaSogjRC7lojSXYB4ug]"
2422,Konya,,Trkiye,TUR,Asia,37.872734,32.4924376,0.0,1433861.0,84339067,6.7,97.0,169.0,33.6,41.9,112.07,[L8NgobfFGiA],[[0]],[[0]],[[3339]],[0],[04092021],[30],[UCo9yDMRPdiVnJGjCwOOj5GQ]
2423,Denizli,,Trkiye,TUR,Asia,37.796763,29.091776,0.0,1061371.0,84339067,6.7,97.0,169.0,33.6,41.9,254.84,[Hy0gRfqNG9M],[[0]],[[0]],[[1555]],[0],[07092021],[30],[UCo9yDMRPdiVnJGjCwOOj5GQ]
2424,Bursa,,Trkiye,TUR,Asia,40.182737,29.067548,0.0,3101833.0,84339067,6.7,97.0,169.0,33.6,41.9,127.32,"[QQfm-fEu8bk,EqRYR9kFeA0]","[[0, 0], [0]]","[[0, 1012], [0]]","[[999, 1136], [908]]","[0, 0]","[19102024, 9012023]","[30, 30]","[UCuwYFSdY4JtakKUOy16rXSw,UC_zGUpjZ5CswTY62CiFF81g]"
2425,Balkesir,,Trkiye,TUR,Asia,39.541117,28.010672,0.0,238151.0,84339067,6.7,97.0,169.0,33.6,41.9,0.0,"[QQfm-fEu8bk,L_vyaY7UJx0]","[[0], [0]]","[[5373], [0]]","[[5690], [1681]]","[0, 0]","[19102024, 17092021]","[30, 30]","[UCuwYFSdY4JtakKUOy16rXSw,UCo9yDMRPdiVnJGjCwOOj5GQ]"
2426,Gaziantep,,Trkiye,TUR,Asia,37.0628317,37.3792617,0.0,2130432.0,84339067,6.7,97.0,169.0,33.6,41.9,50.39,"[x4W7hylTJO8,HEZKYNgr9SM,FUnwfNRmi4k]","[[0], [0], [0]]","[[0], [0], [11]]","[[358], [396], [648]]","[0, 0, 0]","[18122020, 22032023, 17032023]","[30, 30, 30]","[UCWHM7ByLdJjugpL_IYfvDyg,UCIMrFUEhQqDgX1Be51WGn2g,UCIMrFUEhQqDgX1Be51WGn2g]"
2433,Trabzon,,Trkiye,TUR,Asia,41.0054605,39.7301463,0.0,244083.0,84339067,6.7,97.0,169.0,33.6,41.9,0.0,"[Up9M9p3Rwc4,8aAEZczK9tk,YdJEbFCYxpo,icHe2-BNE14,gA9WLE1ONwg,hBloBtBqHP4]","[[0, 0], [0], [0], [0], [0], [0]]","[[7, 534], [0], [18], [335], [30], [9]]","[[347, 650], [300], [820], [944], [339], [791]]","[0, 0, 0, 0, 0, 0]","[14092024, 20052021, 1062021, 10122024, 21062021, 5042024]","[30, 23, 30, 30, 30, 30]","[UCLMQqAoaKBOIQP9Tqnm6njg,UCyyLXIuSbxaC5Za5W9m_m5w,UCFNsYVv3PdnphjA_IxLwEgg,UCFNsYVv3PdnphjA_IxLwEgg,UC5hkbfxHVWQPVJtl3m_s-gA,UCFNsYVv3PdnphjA_IxLwEgg,UC0nUxCMuwsxg19r93IovjUQ]"
2437,Dzce,,Trkiye,TUR,Asia,40.840827,31.159967,0.0,351509.0,84339067,6.7,97.0,169.0,33.6,41.9,0.0,[NVKjfJX4k40],[[0]],[[12]],[[832]],[0],[4072025],[30],"[UCo9yDMRPdiVnJGjCwOOj5GQ,UCxYhFcLQ-YLAm39B8FKCkNg]"
2439,Ordu,,Trkiye,TUR,Asia,40.98509744,37.88027844,0.0,229214.0,84339067,6.7,97.0,169.0,33.6,41.9,0.0,[v5V8bxgUxQA],[[0]],[[0]],[[800]],[0],[25082021],[30],"[UCLMQqAoaKBOIQP9Tqnm6njg,UCelR0WLZknxZWWyxty3qFiQ]"
2441,Eskiehir,,Trkiye,TUR,Asia,39.7743941,30.519116,0.0,789023.0,84339067,6.7,97.0,169.0,33.6,41.9,0.0,"[tw0Jnu0eNFs,27M58neYQqE]","[[0], [0]]","[[25], [2]]","[[2391], [657]]","[0, 0]","[14062021, 20112021]","[30, 25]","[UCo9yDMRPdiVnJGjCwOOj5GQ,UCcposi_mttllt0kRU5OSauw]"
2442,Erzurum,,Trkiye,TUR,Asia,39.90632,41.2727715,0.0,767848.0,84339067,6.7,97.0,169.0,33.6,41.9,0.0,"[bhCxzRU1o1g,YsY6nNIQjPs]","[[0], [0]]","[[0], [0]]","[[1348], [1466]]","[0, 0]","[11082024, 2082023]","[30, 30]","[UChhTjII3C37f8pK-iu23NGw,UCB8pEsJ80lbb4X3_Mu6Krzw]"
2443,Diyarbakr,,Trkiye,TUR,Asia,37.917118,40.236397,0.0,1791373.0,84339067,6.7,97.0,169.0,33.6,41.9,0.0,"[YsY6nNIQjPs,SEL7bnuTTC4,hr5EbhNHeL4,R2WbabP2JnI]","[[0], [0, 0], [0], [0]]","[[13467], [0, 379], [93], [5837]]","[[14306], [268, 675], [1648], [6316]]","[0, 0, 0, 0]","[2082023, 25012024, 16062021, 19082023]","[30, 30, 25, 30]","[UCB8pEsJ80lbb4X3_Mu6Krzw,UCB8pEsJ80lbb4X3_Mu6Krzw,UCLMQqAoaKBOIQP9Tqnm6njg,UCoOeP4tScSM00vYnBQoD6aw]"
2444,anlurfa,,Trkiye,TUR,Asia,37.166883,38.792689,0.0,449549.0,84339067,6.7,97.0,169.0,33.6,41.9,0.0,[R2WbabP2JnI],"[[0, 0]]","[[25, 459]]","[[285, 983]]",[0],[19082023],[30],[UCoOeP4tScSM00vYnBQoD6aw]
2445,Siverek,,Trkiye,TUR,Asia,37.7540905,39.3177426,0.0,175341.0,84339067,6.7,97.0,169.0,33.6,41.9,33.33,[R2WbabP2JnI],[[0]],[[3473]],[[4048]],[0],[19082023],[30],[UCoOeP4tScSM00vYnBQoD6aw]
2446,Marmaris,,Trkiye,TUR,Asia,36.8522547,28.2742661,0.0,33731.0,84339067,6.7,97.0,169.0,33.6,41.9,0.0,"[-KkVO41vIvw,jM9UtREfCW0]","[[0], [0]]","[[10], [0]]","[[549], [893]]","[0, 0]","[10062023, 28072024]","[30, 30]","[UCoOeP4tScSM00vYnBQoD6aw,UChhTjII3C37f8pK-iu23NGw]"
2447,Fethiye,,Trkiye,TUR,Asia,36.6221019,29.1153234,0.0,60437.0,84339067,6.7,97.0,169.0,33.6,41.9,10.0,"[-KkVO41vIvw,jqGHe8CcTHk,60PGohE-7Hw]","[[0], [0], [0, 0]]","[[6684], [0], [215, 7]]","[[7513], [3636], [474, 190]]","[0, 0, 0]","[10062023, 7072024, 3072025]","[30, 30, 30]","[UCoOeP4tScSM00vYnBQoD6aw,UChhTjII3C37f8pK-iu23NGw,UC29C8t0wF42L-8cXoITgZ5A]"
2448,Sivas,,Trkiye,TUR,Asia,39.754713,37.012938,0.0,264022.0,84339067,6.7,97.0,169.0,33.6,41.9,0.0,"[MTsigiLPUEE,F9OOmRNVizk]","[[0], [0]]","[[27], [2947]]","[[563], [3210]]","[0, 0]","[29062024, 15062024]","[30, 30]","[UCoOeP4tScSM00vYnBQoD6aw,UCoOeP4tScSM00vYnBQoD6aw]"
2449,Didim,,Trkiye,TUR,Asia,37.37043,27.267895,0.0,64643.0,84339067,6.7,97.0,169.0,33.6,41.9,32.0,[ijmJ7CKku5A],"[[0, 0]]","[[10, 481]]","[[152, 1110]]",[0],[3062023],[30],[UCoOeP4tScSM00vYnBQoD6aw]
2450,Bodrum,,Trkiye,TUR,Asia,37.0343987,27.430651,0.0,39317.0,84339067,6.7,97.0,169.0,33.6,41.9,0.0,[ijmJ7CKku5A],[[0]],[[5321]],[[5487]],[0],[3062023],[30],"[UCoOeP4tScSM00vYnBQoD6aw,UCRMeTFIYWNu03uKHzYmV4ew]"
2453,Cocoa Beach,FL,United States,USA,North America,28.3184107,-80.6094959,0.0,11595.0,329484123,12.7,0.0,170.0,38.5,41.4,0.0,"[Rp8sHjlkZic,bu3RlTbgdqA,UyZOEsNc5TY,oyJcT3eZIH8]","[[0, 1], [0], [0], [0]]","[[13, 533], [815], [751], [2000]]","[[530, 1414], [1625], [3540], [2168]]","[0, 0, 0, 0]","[26112021, 10072022, 7042025, 5062024]","[30, 30, 30, 30]","[UCpARJ73eS85DXM7izezCQwg,UCEOuqD0IDcfx__zCOoyFfrA,UCnE3aVwoqOABeJM0s8qta-g,UCpARJ73eS85DXM7izezCQwg]"
2454,Bithlo,FL,United States,USA,North America,28.5632373,-81.11016,0.0,8268.0,329484123,12.7,0.0,170.0,38.5,41.4,4.55,[w-vYIlFUDJY],[[0]],[[10]],[[60]],[0],[20012021],[30],[UC22hanQb2uBW3_b6RcOKU_Q]
2455,Cocoa,FL,United States,USA,North America,28.3556635,-80.7325345,0.0,17711.0,329484123,12.7,0.0,170.0,38.5,41.4,5.71,[w-vYIlFUDJY],[[0]],[[650]],[[950]],[0],[20012021],[30],[UC22hanQb2uBW3_b6RcOKU_Q]
2456,Cape Canaveral,FL,United States,USA,North America,28.387172,-80.603899,0.0,10014.0,329484123,12.7,0.0,170.0,38.5,41.4,0.0,[UyZOEsNc5TY],[[0]],[[450]],[[750]],[0],[7042025],[30],[UCnE3aVwoqOABeJM0s8qta-g]
2465,Reading,PA,United States,USA,North America,40.335345,-75.9279495,0.0,87879.0,329484123,12.7,0.0,170.0,38.5,41.4,27.78,[kYmOxFf1TBc],[[0]],[[10]],[[3205]],[0],[23072022],[30],[UC07wCVB3xe0zlYn-k_3kUjA]
2467,Erzincan,,Trkiye,TUR,Asia,39.751545,39.491728,0.0,150714.0,84339067,6.7,97.0,169.0,33.6,41.9,0.0,"[yIF6z04Pozs,1ujyES4ZNhU]","[[0], [0]]","[[0], [2656]]","[[280], [3564]]","[0, 0]","[6092018, 13102024]","[30, 30]","[UCrtui1lOyE6wG6AK4cntNbA,UCT-P6wZHxsvE-o_5iE9HAww]"
2471,Palm Bay,FL,United States,USA,North America,27.9946969,-80.6366144,0.0,119760.0,329484123,12.7,0.0,170.0,38.5,41.4,0.0,[OdXJfrzxu2A],[[0]],[[40]],[[195]],[0],[21032020],[24],[UCNR5Jv6v8N10FHqI1vPd2Lw]
2472,Merritt Island,FL,United States,USA,North America,28.357266,-80.697993,0.0,34718.0,329484123,12.7,0.0,170.0,38.5,41.4,0.0,[oyJcT3eZIH8],[[0]],[[930]],[[1870]],[0],[05062024],[30],[UCpARJ73eS85DXM7izezCQwg]
2473,Marfa,TX,United States,USA,North America,30.3117621,-104.023146,0.0,1733.0,329484123,12.7,0.0,170.0,38.5,41.4,0.0,[mulQata11w4],"[[0, 0, 0, 0]]","[[0, 373, 397, 443]]","[[310, 390, 416, 457]]",[0],[19022025],[30],[UC7hi9CSNq_IUUbEN_ri3ogQ]
2474,Tallahassee,FL,United States,USA,North America,30.4380832,-84.2809332,0.0,201731.0,329484123,12.7,0.0,170.0,38.5,41.4,0.0,"[0RgiqUJpI7I,qd57t8YfaTA]","[[0], [0]]","[[0], [0]]","[[1677], [2480]]","[0, 0]","[24112020, 14102022]","[30, 30]","[UC7hi9CSNq_IUUbEN_ri3ogQ,UCPDPB6iDcz0aI3YWHyK2tsg]"
2475,Whistler,BC,Canada,CAN,North America,50.1171903,-122.9543022,0.0,8713.0,38005238,5.3,0.0,172.0,42.4,33.3,0.0,[xlaxUJ0wZDg],[[0]],[[38]],[[1908]],[0],[22042025],[30],[UCsYwtnYBrMDituD9n8vyKJQ]
2476,Augusta,GA,United States,USA,North America,33.4709714,-81.9748429,0.0,18899.0,329484123,12.7,0.0,170.0,38.5,41.4,0.0,"[XQlSwRt2ce4,Ie3Mi5cJ2sU,Wsc2LI8ZlcM]","[[0], [0], [0]]","[[0], [360], [0]]","[[1350], [2095], [2013]]","[0, 0, 0]","[1092022, 10032025, 23042022]","[30, 30, 30]","[UCmMbnl2PKbdGSpemsFfWjMg,UChB2qCCGbL79owHxCyQtoeQ,UCCWC63_fLObjdnextgUjC7A]"
2477,Giresun,,Trkiye,TUR,Asia,40.917923,38.384857,0.0,125682.0,84339067,6.7,97.0,169.0,33.6,41.9,0.0,[Qv4Yw3vlqFg],[[0]],[[0]],[[4965]],[0],[04082024],[30],[UChhTjII3C37f8pK-iu23NGw]
2478,Pamukkale,,Trkiye,TUR,Asia,37.917659,29.118232,0.0,10000.0,84339067,6.7,97.0,169.0,33.6,41.9,0.0,[MvF4NR2qUD0],[[0]],[[605]],[[675]],[0],[04092018],[30],[UCrtui1lOyE6wG6AK4cntNbA]
2479,Urla,,Trkiye,TUR,Asia,38.3228184,26.7672998,0.0,45199.0,84339067,6.7,97.0,169.0,33.6,41.9,0.0,[ZLM4zuVQI1Q],[[0]],[[1877]],[[2859]],[0],[10042023],[30],[UCdF_JRL4Gc0HQsdWBrW7wKw]
2480,Van,,Trkiye,TUR,Asia,38.513788,43.390464,0.0,525016.0,84339067,6.7,97.0,169.0,33.6,41.9,0.0,[DG4gpm6ZJro],[[0]],[[20]],[[828]],[0],[07112021],[30],[UCemelbTP3cPxCL2OQehRahw]
2481,Mrdn,,Trkiye,TUR,Asia,37.313656,40.73576,0.0,129864.0,84339067,6.7,97.0,169.0,33.6,41.9,0.0,"[SQPUj9WhJys,nb4zJXWURpM,SsKQIBbfifE,neo4RQaNDpg]","[[0, 0], [0, 0, 0], [0], [0]]","[[68, 1031], [216, 392, 435], [66], [7]]","[[969, 1386], [346, 428, 616], [1639], [368]]","[0, 0, 0, 0]","[2062021, 4072020, 30052021, 19022021]","[25, 30, 25, 30]","[UCLMQqAoaKBOIQP9Tqnm6njg,UC9pG3Lzx_orWG7ldZonViTw,UCLMQqAoaKBOIQP9Tqnm6njg,UCWHM7ByLdJjugpL_IYfvDyg]"
2482,spir,,Trkiye,TUR,Asia,40.4833781,40.9999611,0.0,16248.0,84339067,6.7,97.0,169.0,33.6,41.9,0.0,[NIhYO9REQzI],[[0]],[[630]],[[1670]],[0],[10082024],[30],[UChhTjII3C37f8pK-iu23NGw]
2483,Bulancak,,Trkiye,TUR,Asia,40.9389231,38.2318776,0.0,95436.0,84339067,6.7,97.0,169.0,33.6,41.9,0.0,"[hiuwv9E9XN8,NXp-uDV6Yxw,QZofovNz0Nk]","[[0], [0], [1]]","[[10], [0], [0]]","[[2862], [780], [1013]]","[0, 0, 0]","[23052024, 26012024, 23062022]","[30, 30, 30]","[UChhTjII3C37f8pK-iu23NGw,UC7uPvmZialoi9ERHAL0LxNQ,UC20vyRWEaC2GIS8DkmeRQaA]"
2484,Data,,Trkiye,TUR,Asia,36.7263403,27.6873855,0.0,10121.0,84339067,6.7,97.0,169.0,33.6,41.9,0.0,[sTlJ5NBoUgA],[[0]],[[0]],[[2499]],[0],[02052024],[30],[UChhTjII3C37f8pK-iu23NGw]
2485,Townsville,QLD,Australia,AUS,Oceania,-19.2569391,146.8239537,0.0,180820.0,25687041,4.9,0.0,172.0,37.9,34.4,0.0,"[0T8hXV7y-9o,mmfheouDfKY,j3ykpC5XD-Q,s2U07yYGMWs,PcPjc2oXTdE,t96DR4aKKZA]","[[1, 1], [0], [0], [0], [1], [0, 0]]","[[2, 800], [2], [2], [2], [2], [2, 900]]","[[693, 1252], [2397], [1818], [1764], [1488], [112, 1813]]","[0, 0, 0, 0, 0, 0]","[20122024, 20012023, 10012023, 7082023, 11072025, 9082023]","[24, 30, 24, 24, 24, 24]","[UCrSx2M3EgKmeKIOUvYppzjw,UCrSx2M3EgKmeKIOUvYppzjw,UCrSx2M3EgKmeKIOUvYppzjw,UCrSx2M3EgKmeKIOUvYppzjw,UCrSx2M3EgKmeKIOUvYppzjw,UCrSx2M3EgKmeKIOUvYppzjw]"
2486,Batman,,Trkiye,TUR,Asia,37.888944,41.128674,0.0,452157.0,84339067,6.7,97.0,169.0,33.6,41.9,0.0,[WDn24QHYJsg],[[0]],[[3963]],[[4941]],[0],[06032022],[30],[UCSkOoPMf7tRHfeR7LDTj1Tw]
2487,Ahmetli,,Trkiye,TUR,Asia,37.7523952,40.9459076,0.0,2061.0,84339067,6.7,97.0,169.0,33.6,41.9,0.0,[4g8uEtYOQcc],[[0]],[[501]],[[531]],[0],[30042021],[30],[UCVk3y0MHH7sbGSii-qAlsdQ]
2488,Manisa,,Trkiye,TUR,Asia,38.634036,27.427276,0.0,243971.0,84339067,6.7,97.0,169.0,33.6,41.9,0.0,"[cPkxAvn23wQ,Reg6DXWoh-4]","[[0], [0]]","[[0], [55]]","[[612], [928]]","[0, 1]","[15042021, 13032022]","[30, 30]","[UCVk3y0MHH7sbGSii-qAlsdQ,UCRElcJTnPEiXWqzx7UmmjqA]"
2489,Kayseri,,Trkiye,TUR,Asia,38.726233,35.480345,0.0,1434357.0,84339067,6.7,97.0,169.0,33.6,41.9,15.38,[MZdXbMhc2vk],[[0]],[[0]],[[499]],[0],[17022025],[30],[UCanVy2-8xxmgVWt7cBBSXjg]
2490,Graz,,Austria,AUT,Europe,47.0708678,15.4382786,0.0,303270.0,8917205,4.9,0.0,173.0,44.8,30.8,0.0,"[OtlkVa-HRvQ,KFOEO85vUBo,WAVPRiFV5pA,B1Q-DEj0czE,Qb3KWTatgu4,fg8cqTG0jxk,_Vfska5VQhM,g0irrFanm7U,Jdc2cR9rTY8,53jmxG1gAh4]","[[0], [0], [0], [0], [0], [0], [0], [0], [0], [0]]","[[0], [120], [2], [9], [0], [0], [0], [0], [0], [0]]","[[1687], [1559], [540], [1255], [552], [527], [485], [521], [448], [532]]","[0, 0, 4, 4, 0, 0, 0, 0, 0, 0]","[24082022, 6012024, 17092024, 22112020, 3112021, 13022023, 22062023, 21092021, 11042021, 20112020]","[30, 30, 30, 30, 30, 30, 30, 30, 30, 30]","[UCztGcObG-xm8sxX31OwKPdg,UCtNP3HfnQIZX9j9D12ek8VQ,UC6b9b_QHh5kXnjvx_M60R6A,UCpNuxCE1gi0Sesw0a9DHK4A,UCztGcObG-xm8sxX31OwKPdg,UCztGcObG-xm8sxX31OwKPdg,UCztGcObG-xm8sxX31OwKPdg,UCztGcObG-xm8sxX31OwKPdg,UCztGcObG-xm8sxX31OwKPdg,UCztGcObG-xm8sxX31OwKPdg]"
2491,Linz,,Austria,AUT,Europe,48.306263,14.28669,0.0,204846.0,8917205,4.9,0.0,173.0,44.8,30.8,0.0,"[3X9lWaD5wqo,ro1ngTUB4wM,te7bcL7Rw70]","[[0], [0], [0]]","[[0], [32], [0]]","[[648], [1099], [518]]","[0, 0, 0]","[25062023, 28012022, 30042022]","[30, 30, 30]","[UCnACiEs-ATKaHazmzVHGarw,UCuEWmCGd4_nKQnC3VUuNxPg,UCaAlrRQ1jgTEVht2-zcCTCg]"
2492,Klagenfurt am Wrthersee,,Austria,AUT,Europe,46.623943,14.3075976,0.0,100316.0,8917205,4.9,0.0,173.0,44.8,30.8,26.67,"[J_Xi1ialIRA,p7RkIQCUwtQ,Cn90X9hU4jI]","[[0], [0], [0]]","[[0], [0], [2880]]","[[313], [600], [4555]]","[0, 0, 0]","[31102019, 20102022, 5052023]","[30, 30, 30]","[UC9-aRJ25O7SzkDjiG571AYQ,UCS925g2ZDenWUWsIZ_u9mtw,UCS925g2ZDenWUWsIZ_u9mtw]"
2506,Stetten,Baden-Wrttemberg,Germany,DEU,Europe,47.690815,9.297425,0.0,0.0,83240525,3.8,0.0,173.0,46.7,31.9,7.32,[Co6VWgX0Jsc],[[0]],[[50]],[[109]],[0],[14082017],[30],[UC9WjkHGPg4G4im5muv8fNLg]
2507,Meersburg,Baden-Wrttemberg,Germany,DEU,Europe,47.6955538,9.2719656,0.0,5528.0,83240525,3.8,0.0,173.0,47.8,31.9,38.71,[Co6VWgX0Jsc],[[0]],[[186]],[[317]],[0],[14082017],[30],[UC9WjkHGPg4G4im5muv8fNLg]
2508,berlingen,Baden-Wrttemberg,Germany,DEU,Europe,47.7664456,9.1605106,0.0,21507.0,83240525,3.8,0.0,173.0,47.8,31.9,0.0,[Co6VWgX0Jsc],"[[0, 0]]","[[360, 730]]","[[480, 827]]",[0],[14082017],[30],[UC9WjkHGPg4G4im5muv8fNLg]
2510,Breitenworbis,,Germany,DEU,Europe,51.4121013,10.427824,0.0,2296.0,83240525,3.8,0.0,173.0,47.8,31.9,0.0,[d-93lxEE2_Q],[[0]],[[38]],[[279]],[0],[22122022],[25],[UCq8QA_62PxbZgqgJWtFgK0Q]
2511,Sollstedt,,Germany,DEU,Europe,51.4134885,10.5359288,0.0,0.0,83240525,3.8,0.0,173.0,47.8,31.9,0.0,[d-93lxEE2_Q],[[0]],[[1095]],[[1300]],[0],[22122022],[25],[UCq8QA_62PxbZgqgJWtFgK0Q]
2512,Obergebra,,Germany,DEU,Europe,51.4130148,10.5800711,0.0,901.0,83240525,3.8,0.0,173.0,47.8,31.9,0.0,[d-93lxEE2_Q],[[0]],[[1410]],[[1716]],[0],[22122022],[25],[UCq8QA_62PxbZgqgJWtFgK0Q]
2515,Fletcher,NC,United States,USA,North America,35.4309336,-82.5011239,0.0,8158.0,329484123,12.7,0.0,170.0,38.5,41.4,30.0,[cHQvSiZTxz8],"[[0, 0]]","[[0, 150]]","[[91, 725]]",[0],[14072025],[30],[UCPDPB6iDcz0aI3YWHyK2tsg]
2516,Chamonix,,France,FRA,Europe,45.9246705,6.8727506,0.0,10614.0,67391582,5.1,0.0,172.0,41.4,32.4,0.0,[MRWA3hczHdU],[[0]],[[20]],[[1660]],[0],[03022023],[25],[UCq8QA_62PxbZgqgJWtFgK0Q]
2517,Erlenbach im Simmental,BE,Switzerland,CHE,Europe,46.6614834,7.5533928,0.0,1730.0,8654622,2.2,0.0,172.0,44.0,33.1,0.0,[RZ65oK0zKcw],"[[0, 0]]","[[197, 360]]","[[340, 445]]",[0],[30062023],[30],[UCq8QA_62PxbZgqgJWtFgK0Q]
2518,Drstetten,BE,Switzerland,CHE,Europe,46.659917,7.492218,0.0,859.0,8654622,2.2,0.0,172.0,44.0,33.1,0.0,[RZ65oK0zKcw],[[0]],[[496]],[[680]],[0],[30062023],[30],[UCq8QA_62PxbZgqgJWtFgK0Q]
2519,Boltigen,BE,Switzerland,CHE,Europe,46.6295428,7.3908364,0.0,1443.0,8654622,2.2,0.0,172.0,44.0,33.1,0.0,[RZ65oK0zKcw],[[0]],[[1200]],[[1280]],[0],[30062023],[30],[UCq8QA_62PxbZgqgJWtFgK0Q]
2520,Saanen,BE,Switzerland,CHE,Europe,46.489756,7.2615837,0.0,6621.0,8654622,2.2,0.0,172.0,44.0,33.1,0.0,[RZ65oK0zKcw],[[0]],[[1880]],[[2340]],[0],[30062023],[30],[UCq8QA_62PxbZgqgJWtFgK0Q]
2521,Les Granges,VD,Switzerland,CHE,Europe,46.4741368,7.1548909,0.0,0.0,8654622,2.2,0.0,172.0,44.0,33.1,0.0,[RZ65oK0zKcw],[[0]],[[2808]],[[2860]],[0],[30062023],[30],[UCq8QA_62PxbZgqgJWtFgK0Q]
2522,Les Moulins,VD,Switzerland,CHE,Europe,46.4606024,7.107087,0.0,0.0,8654622,2.2,0.0,172.0,44.0,33.1,0.0,[RZ65oK0zKcw],[[0]],[[3049]],[[3145]],[0],[30062023],[30],[UCq8QA_62PxbZgqgJWtFgK0Q]
2523,Albeuve,FR,Switzerland,CHE,Europe,46.5173976,7.0566535,0.0,589.0,8654622,2.2,0.0,172.0,44.0,33.1,0.0,[RZ65oK0zKcw],[[0]],[[3580]],[[3640]],[0],[30062023],[30],[UCq8QA_62PxbZgqgJWtFgK0Q]
2524,Neirivue,FR,Switzerland,CHE,Europe,46.5260458,7.0595639,0.0,329.0,8654622,2.2,0.0,172.0,44.0,33.1,0.0,[RZ65oK0zKcw],[[0]],[[3837]],[[3865]],[0],[30062023],[30],[UCq8QA_62PxbZgqgJWtFgK0Q]
2525,Enney,FR,Switzerland,CHE,Europe,46.5661044,7.0839416,0.0,539.0,8654622,2.2,0.0,172.0,44.0,33.1,0.0,[RZ65oK0zKcw],"[[0, 0]]","[[3905, 3927]]","[[3926, 3982]]",[0],[30062023],[30],[UCq8QA_62PxbZgqgJWtFgK0Q]
2528,Foix,,France,FRA,Europe,42.9638998,1.6053807,0.0,9860.0,67391582,5.1,0.0,172.0,41.4,32.4,0.0,[DFB92vvaNTc],[[1]],[[462]],[[1806]],[0],[12012022],[30],[UC2z8Jy3nQazSwmcpVOrqftg]
2550,Zhuhai,,China,CHN,Asia,22.273734,113.5721327,0.0,2207090.0,1402112000,17.4,97.0,170.0,39.8,38.5,0.0,[tE2MILY7pGY],"[[0, 1]]","[[13, 1089]]","[[1088, 2559]]",[0],[14042021],[25],[UCtayytwSKZCts0kvTFo_j7w]
2551,Shenzhen,,China,CHN,Asia,22.5445741,114.0545429,0.0,17494398.0,1402112000,17.4,97.0,170.0,39.8,38.5,0.0,"[FQydmSoXJcw,gqVnVpXvdrE]","[[0], [0]]","[[50], [0]]","[[1538], [1762]]","[0, 0]","[15072021, 24092022]","[30, 30]","[UCKzxsWZfm0ik9Dnbf0ZIbPg,UC90ptpEteW0wLAWYAYVfu4Q]"
2552,Suzhou,,China,CHN,Asia,31.311123,120.6212881,0.0,6715559.0,1402112000,17.4,97.0,170.0,39.8,38.5,0.0,"[uZX2rMubCj0,cPndcJSeq9Y,W7pdiMydlyM,nSERjvi_6sE]","[[0], [0], [0], [0, 0]]","[[104], [83], [218], [19, 1711]]","[[1670], [477], [2563], [626, 2835]]","[0, 0, 0, 0]","[15012018, 15012018, 15012018, 15012018]","[30, 30, 30, 30]","[UCYP5c854-PKExxvCFJC89Qg,UCYP5c854-PKExxvCFJC89Qg,UCYP5c854-PKExxvCFJC89Qg,UCYP5c854-PKExxvCFJC89Qg]"
2556,Zug,ZG,Switzerland,CHE,Europe,47.1486137,8.5539378,0.0,23435.0,8654622,2.2,0.0,172.0,44.0,33.1,0.0,"[1oN1wDL-gBU,UIqEWYITYZ0]","[[0], [0]]","[[30], [0]]","[[1070], [1085]]","[0, 0]","[29012024, 17082023]","[30, 30]","[UCG8iOfLe6rsuDtnorojQmOg,UCG8iOfLe6rsuDtnorojQmOg]"
2557,Locarno,TI,Switzerland,CHE,Europe,46.1695739,8.7954859,0.0,14509.0,8654622,2.2,0.0,172.0,44.0,33.1,18.52,[k7HETxAz42E],[[0]],[[0]],[[462]],[0],[30122022],[30],[UCG8iOfLe6rsuDtnorojQmOg]
2558,Cadenazzo,TI,Switzerland,CHE,Europe,46.1509953,8.9458762,0.0,1906.0,8654622,2.2,0.0,172.0,44.0,33.1,0.0,[k7HETxAz42E],[[0]],[[626]],[[746]],[0],[30122022],[30],[UCG8iOfLe6rsuDtnorojQmOg]
2559,Hollywood Beach,FL,United States,USA,North America,30.2540906,-85.9568811,0.0,149728.0,329484123,12.7,0.0,170.0,38.5,41.4,0.0,[taHEhaLH1Jo],[[0]],[[222]],[[3803]],[0],[03052025],[30],[UCnE3aVwoqOABeJM0s8qta-g]
2560,Inverness,,United Kingdom,GBR,Europe,57.4790124,-4.225739,0.0,47790.0,67215293,3.2,0.0,171.0,40.6,35.1,16.22,[2F17xm9RleA],"[[0, 0]]","[[0, 715]]","[[476, 1056]]",[0],[28052024],[30],[UCYRDAV1YTEUxPDaRwa6OLfQ]
2561,Edinburgh,,United Kingdom,GBR,Europe,55.9533456,-3.1883749,0.0,514990.0,67215293,3.2,0.0,171.0,40.6,35.1,47.06,"[MY_74MBcjqI,8s1vzbn4oLQ,_VLyPvcbb2o,bSv4oNJ6fVU,bI0CWjb8d8s,8WFvb4RaRBQ]","[[0, 0, 0], [0], [0], [0], [0], [0]]","[[171, 1086, 2932], [1823], [0], [0], [20], [630]]","[[957, 2702, 3258], [1902], [2924], [1652], [2398], [1898]]","[0, 0, 0, 0, 0, 0]","[22052022, 12072023, 18032022, 31032021, 18112020, 10122016]","[25, 25, 30, 30, 30, 24]","[UCZUjrns8-R0xHOIlQEzivlQ,UC-zcFjWR6BE7suwKhnW4nmA,UCYu48zy54F9RTgK27SGDGPw,UCXfj7mNgoQ444NS0c2nxDNg,UCRd2kvcRA_Hsq7-rElveoWQ,UCWsf_2_Tk-3RRZ6qfcDA_vg]"
2562,Bonnyrigg,,United Kingdom,GBR,Europe,55.8751189,-3.1059076,0.0,16360.0,67215293,3.2,0.0,171.0,40.6,35.1,10.87,[8s1vzbn4oLQ],"[[0, 0]]","[[15, 432]]","[[336, 1057]]",[0],[12072023],[25],[UC-zcFjWR6BE7suwKhnW4nmA]
2563,Dalkeith,,United Kingdom,GBR,Europe,55.8943361,-3.0700445,0.0,12720.0,67215293,3.2,0.0,171.0,40.6,35.1,0.0,[8WFvb4RaRBQ],[[0]],[[0]],[[360]],[0],[10122016],[24],[UCWsf_2_Tk-3RRZ6qfcDA_vg]
2564,Ballantrae,,United Kingdom,GBR,Europe,55.1014603,-5.0044737,0.0,0.0,67215293,3.2,0.0,171.0,40.6,35.1,0.0,[zGI5Kyz5Cas],[[0]],[[5]],[[96]],[0],[04102019],[30],[UCl_LDW_qvwCi56p5Q87wyBg]
2565,Girvan,,United Kingdom,GBR,Europe,55.2413151,-4.8553579,0.0,6650.0,67215293,3.2,0.0,171.0,40.6,35.1,0.0,[zGI5Kyz5Cas],[[0]],[[956]],[[1277]],[0],[04102019],[30],[UCl_LDW_qvwCi56p5Q87wyBg]
2566,Maybole,,United Kingdom,GBR,Europe,55.3550738,-4.6801392,0.0,4750.0,67215293,3.2,0.0,171.0,40.6,35.1,0.0,[zGI5Kyz5Cas],[[0]],[[2289]],[[2509]],[0],[04102019],[30],[UCl_LDW_qvwCi56p5Q87wyBg]
2567,Minishant,,United Kingdom,GBR,Europe,55.3914636,-4.6428885,0.0,0.0,67215293,3.2,0.0,171.0,40.6,35.1,12.5,[zGI5Kyz5Cas],[[0]],[[2719]],[[2800]],[0],[04102019],[30],[UCl_LDW_qvwCi56p5Q87wyBg]
2568,Glasgow,,United Kingdom,GBR,Europe,55.861155,-4.2501687,0.0,626410.0,67215293,3.2,0.0,171.0,40.6,35.1,33.33,"[zGI5Kyz5Cas,-d2_UsPSoAE,bDJvJ_fM0Vc,7z089TJS_hk]","[[0], [0], [0], [0]]","[[5526], [41], [12], [0]]","[[5772], [599], [615], [365]]","[0, 0, 0, 0]","[4102019, 13122016, 19062025, 13122016]","[30, 30, 30, 30]","[UCl_LDW_qvwCi56p5Q87wyBg,UC_ghtS4HeMXBPPgB3UkdVjQ,UCHhBH1lT4ITwrXM01cwVsiA,UC_ghtS4HeMXBPPgB3UkdVjQ]"
2569,Aberdeen,,United Kingdom,GBR,Europe,57.1482429,-2.0928095,0.0,198590.0,67215293,3.2,0.0,171.0,40.6,35.1,38.64,"[WMJjcZMs1aA,A3cMLVqfEaY,7FeOgNUgB8U,DtN0u8NapoE,gyBgm1HMvqk,KqAbBUo8S3I]","[[1], [0], [0], [0], [0], [0]]","[[10], [15], [15], [15], [15], [15]]","[[420], [1935], [933], [3410], [2575], [4056]]","[0, 0, 0, 0, 0, 0]","[1012022, 15022025, 29032025, 18062023, 4012025, 4092022]","[24, 30, 30, 30, 30, 30]","[UCzt9_Rpw6-aKS7h9WE9LZnA,UCDd-Wr22oPHHaAN7Td6IY3g,UCDd-Wr22oPHHaAN7Td6IY3g,UCDd-Wr22oPHHaAN7Td6IY3g,UCDd-Wr22oPHHaAN7Td6IY3g,UCDd-Wr22oPHHaAN7Td6IY3g]"
2570,Perth,,United Kingdom,GBR,Europe,56.3958757,-3.4303103,0.0,47350.0,67215293,3.2,0.0,171.0,40.6,35.1,42.31,[zNvUu3CX3TI],[[0]],[[1033]],[[1376]],[0],[07032018],[30],[UCjqWJFBD5poPdirkmEjkUPQ]
2571,Portree,,United Kingdom,GBR,Europe,57.4130532,-6.194446,0.0,2410.0,67215293,3.2,0.0,171.0,40.6,35.1,0.0,[dc-LV4gYGU8],[[0]],[[18]],[[509]],[0],[06042022],[30],[UCg1sAFKjbgemJnIODXe_2BQ]
2586,Newcastle,NSW,Australia,AUS,Oceania,-32.9192953,151.7795348,0.0,348539.0,25687041,4.9,0.0,172.0,38.9,34.4,0.0,"[ro8RHyW7gIk,Jt7_vOdIkzE]","[[0], [0]]","[[0], [0]]","[[932], [2035]]","[0, 4]","[19072025, 18072025]","[0, 0]","[UCIMUFQiDpn_cJNi0L1qRLBg,UCIMUFQiDpn_cJNi0L1qRLBg]"
